task,wl_idx,uuid8,status,ref_ms,sol_ms,speedup
dsa_sparse_attention_h16_ckv512_kpe64_topk2048_ps64,1,0c23b10c,PASSED,3.3628,0.0387,86.87
dsa_sparse_attention_h16_ckv512_kpe64_topk2048_ps64,2,9d4a5f21,PASSED,5.6591,0.0312,181.55
dsa_sparse_attention_h16_ckv512_kpe64_topk2048_ps64,3,b7668cfd,PASSED,5.7997,0.0343,169.13
dsa_sparse_attention_h16_ckv512_kpe64_topk2048_ps64,4,0a63b87b,PASSED,5.6132,0.0345,162.56
dsa_sparse_attention_h16_ckv512_kpe64_topk2048_ps64,5,05f6de65,PASSED,5.4163,0.0328,165.01
dsa_sparse_attention_h16_ckv512_kpe64_topk2048_ps64,6,fc85411e,PASSED,5.5335,0.0353,156.70
dsa_sparse_attention_h16_ckv512_kpe64_topk2048_ps64,7,e6b849f2,PASSED,5.6373,0.0343,164.27
dsa_sparse_attention_h16_ckv512_kpe64_topk2048_ps64,8,9f3f891b,PASSED,5.4823,0.0330,166.06
dsa_sparse_attention_h16_ckv512_kpe64_topk2048_ps64,9,f77df5ce,PASSED,5.5989,0.0354,158.14
dsa_sparse_attention_h16_ckv512_kpe64_topk2048_ps64,10,385742b2,PASSED,18.9227,0.0427,442.90
dsa_sparse_attention_h16_ckv512_kpe64_topk2048_ps64,11,4c46a94b,PASSED,19.0110,0.0412,461.08
dsa_sparse_attention_h16_ckv512_kpe64_topk2048_ps64,12,38389961,PASSED,16.5408,0.0353,468.51
dsa_sparse_attention_h16_ckv512_kpe64_topk2048_ps64,13,02d6ae9c,PASSED,18.7989,0.0362,519.26
dsa_sparse_attention_h16_ckv512_kpe64_topk2048_ps64,14,ddfa9e34,PASSED,14.3797,0.0346,415.14
dsa_sparse_attention_h16_ckv512_kpe64_topk2048_ps64,15,78b2e11c,PASSED,2.9106,0.0826,35.23
dsa_sparse_attention_h16_ckv512_kpe64_topk2048_ps64,16,68d6817d,PASSED,15.8541,0.0370,428.44
dsa_sparse_attention_h16_ckv512_kpe64_topk2048_ps64,17,564007ac,PASSED,21.0193,0.0425,494.62
dsa_sparse_attention_h16_ckv512_kpe64_topk2048_ps64,18,ae4219a9,PASSED,18.5651,0.0419,442.65
dsa_sparse_attention_h16_ckv512_kpe64_topk2048_ps64,19,232ed014,PASSED,7.3852,0.0827,89.33
dsa_sparse_attention_h16_ckv512_kpe64_topk2048_ps64,20,7a389715,PASSED,2.8777,0.0825,34.89
dsa_sparse_attention_h16_ckv512_kpe64_topk2048_ps64,21,5096e459,PASSED,2.9153,0.0820,35.57
dsa_sparse_attention_h16_ckv512_kpe64_topk2048_ps64,22,d57eb9e1,PASSED,2.4616,0.0828,29.74
dsa_sparse_attention_h16_ckv512_kpe64_topk2048_ps64,23,2207f0fd,PASSED,2.6963,0.0824,32.72
gdn_decode_qk4_v8_d128_k_last,1,901e5104,PASSED,1.2413,0.0520,23.86
gdn_decode_qk4_v8_d128_k_last,2,a5714b69,PASSED,1.2178,0.0044,279.42
gdn_decode_qk4_v8_d128_k_last,3,3daa0974,PASSED,1.3570,0.0147,92.58
gdn_decode_qk4_v8_d128_k_last,4,22d5cef5,PASSED,1.2104,0.0044,278.26
gdn_decode_qk4_v8_d128_k_last,5,aed4bdd4,PASSED,1.1730,0.0044,268.30
gdn_decode_qk4_v8_d128_k_last,6,49a125e5,PASSED,1.2733,0.0044,291.63
gdn_decode_qk4_v8_d128_k_last,7,798635cf,PASSED,1.3216,0.0044,301.27
gdn_decode_qk4_v8_d128_k_last,8,5716e24a,PASSED,1.2020,0.0044,275.59
gdn_decode_qk4_v8_d128_k_last,9,4c7df22f,PASSED,1.1922,0.0043,274.57
gdn_decode_qk4_v8_d128_k_last,10,d0e91dea,PASSED,1.2388,0.0446,27.77
gdn_decode_qk4_v8_d128_k_last,11,ec9d2340,PASSED,4.5357,0.0121,375.02
gdn_decode_qk4_v8_d128_k_last,12,9f238670,PASSED,4.4203,0.0204,216.33
gdn_decode_qk4_v8_d128_k_last,13,6d929bff,PASSED,4.5092,0.0127,355.13
gdn_decode_qk4_v8_d128_k_last,14,494844dc,PASSED,4.5519,0.0051,884.07
gdn_decode_qk4_v8_d128_k_last,15,26f760ab,PASSED,4.5660,0.0051,893.64
gdn_decode_qk4_v8_d128_k_last,16,deecf42e,PASSED,4.4408,0.0050,883.92
gdn_decode_qk4_v8_d128_k_last,17,9a92acbc,PASSED,4.3238,0.0051,853.57
gdn_decode_qk4_v8_d128_k_last,18,fa90b213,PASSED,4.4209,0.0050,875.55
gdn_decode_qk4_v8_d128_k_last,19,2640f1e3,PASSED,8.1762,0.0063,1306.94
gdn_decode_qk4_v8_d128_k_last,20,7464a1d6,PASSED,8.1794,0.0063,1303.05
gdn_decode_qk4_v8_d128_k_last,21,25d1f606,PASSED,8.2255,0.0063,1304.34
gdn_decode_qk4_v8_d128_k_last,22,fe2e6584,PASSED,8.0710,0.0160,504.60
gdn_decode_qk4_v8_d128_k_last,23,ca62112d,PASSED,8.0432,0.0063,1278.81
gdn_decode_qk4_v8_d128_k_last,24,61dfd334,PASSED,8.1314,0.0193,420.45
gdn_decode_qk4_v8_d128_k_last,25,abec5d32,PASSED,8.1817,0.0062,1309.36
gdn_decode_qk4_v8_d128_k_last,26,76eec66d,PASSED,15.8996,0.0086,1840.99
gdn_decode_qk4_v8_d128_k_last,27,f0507025,PASSED,15.9979,0.0086,1856.90
gdn_decode_qk4_v8_d128_k_last,28,d1508f6d,PASSED,15.9787,0.0086,1847.54
gdn_decode_qk4_v8_d128_k_last,29,63d4cb66,PASSED,15.9262,0.0087,1837.32
gdn_decode_qk4_v8_d128_k_last,30,ef6bb01d,PASSED,16.0411,0.0530,302.87
gdn_decode_qk4_v8_d128_k_last,31,d0acf04a,PASSED,16.1677,0.0086,1889.95
gdn_decode_qk4_v8_d128_k_last,32,ac83f1e4,PASSED,16.0702,0.0086,1875.61
gdn_decode_qk4_v8_d128_k_last,33,a8c8beff,PASSED,31.7768,0.0202,1576.50
gdn_decode_qk4_v8_d128_k_last,34,40940a4c,PASSED,31.9445,0.0135,2370.61
gdn_decode_qk4_v8_d128_k_last,35,0915952b,PASSED,31.9373,0.0250,1276.59
gdn_decode_qk4_v8_d128_k_last,36,d38dde79,PASSED,32.0036,0.0134,2384.97
gdn_decode_qk4_v8_d128_k_last,37,388f79b1,PASSED,32.2020,0.0136,2367.62
gdn_decode_qk4_v8_d128_k_last,38,80288532,PASSED,31.8829,0.0269,1186.06
gdn_decode_qk4_v8_d128_k_last,39,773a4157,PASSED,31.9638,0.0137,2338.67
gdn_decode_qk4_v8_d128_k_last,40,53385c7f,PASSED,48.6575,0.0575,845.77
gdn_decode_qk4_v8_d128_k_last,41,45e7697a,PASSED,47.9858,0.0203,2364.41
gdn_decode_qk4_v8_d128_k_last,42,34403e5b,PASSED,47.6571,0.0204,2331.78
gdn_decode_qk4_v8_d128_k_last,43,b91cc4aa,PASSED,47.6770,0.0203,2344.50
gdn_decode_qk4_v8_d128_k_last,44,4c38f0e4,PASSED,47.7132,0.0203,2346.35
gdn_decode_qk4_v8_d128_k_last,45,be91d78c,PASSED,47.7018,0.0381,1251.01
gdn_decode_qk4_v8_d128_k_last,46,3803367a,PASSED,47.7875,0.0204,2337.61
gdn_decode_qk4_v8_d128_k_last,47,eaf0a285,PASSED,63.7360,0.0269,2367.89
gdn_decode_qk4_v8_d128_k_last,48,f4fd2171,PASSED,63.7734,0.0268,2376.09
gdn_decode_qk4_v8_d128_k_last,49,b1931bc6,PASSED,64.0367,0.0280,2286.19
gdn_decode_qk4_v8_d128_k_last,50,8d0c5789,PASSED,63.8267,0.0646,988.34
gdn_decode_qk4_v8_d128_k_last,51,9eef9bc7,PASSED,63.8438,0.0267,2389.42
gdn_decode_qk4_v8_d128_k_last,52,58571e49,PASSED,63.6642,0.0268,2375.27
gdn_decode_qk4_v8_d128_k_last,53,ef2cf980,PASSED,63.8148,0.0646,988.12
gdn_decode_qk4_v8_d128_k_last,54,42963acb,PASSED,63.7575,0.0643,991.49
gdn_prefill_qk4_v8_d128_k_last,1,77daf91d,PASSED,1.4801,0.0813,18.20
gdn_prefill_qk4_v8_d128_k_last,2,ba08a83e,PASSED,25.6826,0.1360,188.85
gdn_prefill_qk4_v8_d128_k_last,3,c7846f96,PASSED,25.5790,0.1346,189.99
gdn_prefill_qk4_v8_d128_k_last,4,d0ce7b5d,PASSED,1390.4298,1.3282,1046.88
gdn_prefill_qk4_v8_d128_k_last,5,5b8a0e4b,PASSED,1405.8526,2.0326,691.65
gdn_prefill_qk4_v8_d128_k_last,6,5d3fc66a,PASSED,1390.9486,2.0346,683.65
gdn_prefill_qk4_v8_d128_k_last,7,4b6143dd,PASSED,706.4550,0.6330,1115.99
gdn_prefill_qk4_v8_d128_k_last,8,5835a2bc,PASSED,1415.9928,1.8441,767.87
gdn_prefill_qk4_v8_d128_k_last,9,cc310f94,PASSED,1430.8757,1.8136,788.98
gdn_prefill_qk4_v8_d128_k_last,10,d49df0b2,PASSED,1388.4307,1.5045,922.88
gdn_prefill_qk4_v8_d128_k_last,11,e9e1e445,PASSED,1398.4237,1.5758,887.44
gdn_prefill_qk4_v8_d128_k_last,12,b8c8dc3c,PASSED,1474.9548,1.6118,915.10
gdn_prefill_qk4_v8_d128_k_last,13,a9540651,PASSED,1380.3523,2.0150,685.03
gdn_prefill_qk4_v8_d128_k_last,14,06f21bb1,PASSED,1475.6988,1.1477,1285.77
gdn_prefill_qk4_v8_d128_k_last,15,c2931c92,PASSED,1358.4502,1.6484,824.11
gdn_prefill_qk4_v8_d128_k_last,16,618df04a,PASSED,1353.5315,1.4901,908.36
gdn_prefill_qk4_v8_d128_k_last,17,26244fb4,PASSED,1392.0186,1.8331,759.38
gdn_prefill_qk4_v8_d128_k_last,18,a2629e02,PASSED,1401.6122,1.7980,779.55
gdn_prefill_qk4_v8_d128_k_last,19,9a5d694b,PASSED,1348.6557,1.3470,1001.20
gdn_prefill_qk4_v8_d128_k_last,20,410794d4,PASSED,1351.1440,1.5015,899.83
gdn_prefill_qk4_v8_d128_k_last,21,7ba9d519,PASSED,662.3019,1.4673,451.38
gdn_prefill_qk4_v8_d128_k_last,22,043e74e4,PASSED,6.4321,0.0790,81.43
gdn_prefill_qk4_v8_d128_k_last,23,ef9515b6,PASSED,2.9554,0.0840,35.17
gdn_prefill_qk4_v8_d128_k_last,24,f622a11d,PASSED,3.3299,0.0786,42.34
gdn_prefill_qk4_v8_d128_k_last,25,1cf8e175,PASSED,7.8927,0.0769,102.60
gdn_prefill_qk4_v8_d128_k_last,26,9343fd82,PASSED,9.5798,0.0818,117.14
gdn_prefill_qk4_v8_d128_k_last,27,f4926229,PASSED,226.4447,0.5215,434.20
gdn_prefill_qk4_v8_d128_k_last,28,109addb1,PASSED,536.1306,0.9507,563.92
gdn_prefill_qk4_v8_d128_k_last,29,c5257f65,PASSED,172.7880,0.3944,438.08
gdn_prefill_qk4_v8_d128_k_last,30,f5619793,PASSED,169.5246,0.3930,431.33
gdn_prefill_qk4_v8_d128_k_last,31,fdf5f1f4,PASSED,9.0106,0.0792,113.82
gdn_prefill_qk4_v8_d128_k_last,32,87bff084,PASSED,38.5461,0.1290,298.80
gdn_prefill_qk4_v8_d128_k_last,33,e92dafeb,PASSED,40.7422,0.1350,301.76
gdn_prefill_qk4_v8_d128_k_last,34,1d0cc342,PASSED,49.9243,0.1688,295.77
gdn_prefill_qk4_v8_d128_k_last,35,1b441950,PASSED,17.2573,0.1085,159.10
gdn_prefill_qk4_v8_d128_k_last,36,19c6ab20,PASSED,16.0670,0.0946,169.88
gdn_prefill_qk4_v8_d128_k_last,37,25d9c14d,PASSED,22.9054,0.1287,177.97
gdn_prefill_qk4_v8_d128_k_last,38,3215fe5f,PASSED,58.3362,0.2101,277.69
gdn_prefill_qk4_v8_d128_k_last,39,6f1ad833,PASSED,357.2603,0.7469,478.35
gdn_prefill_qk4_v8_d128_k_last,40,e44ba4d3,PASSED,281.9321,0.4644,607.04
gdn_prefill_qk4_v8_d128_k_last,41,fc7a2bcb,PASSED,25.6876,0.1042,246.43
gdn_prefill_qk4_v8_d128_k_last,42,5d26ac5b,PASSED,23.4181,0.1047,223.71
gdn_prefill_qk4_v8_d128_k_last,43,ed66c791,PASSED,21.9770,0.1321,166.31
gdn_prefill_qk4_v8_d128_k_last,44,ba95d412,PASSED,31.2774,0.1428,219.00
gdn_prefill_qk4_v8_d128_k_last,45,078a41ea,PASSED,14.7940,0.0858,172.36
gdn_prefill_qk4_v8_d128_k_last,46,d2b5a221,PASSED,15.8409,0.0797,198.76
gdn_prefill_qk4_v8_d128_k_last,47,aaa378be,PASSED,305.5411,0.5911,516.86
gdn_prefill_qk4_v8_d128_k_last,48,c2bb4f66,PASSED,305.7298,0.5926,515.89
gdn_prefill_qk4_v8_d128_k_last,49,f2f01c2c,PASSED,6.2982,0.0801,78.59
gdn_prefill_qk4_v8_d128_k_last,50,15856e8c,PASSED,519.9169,0.9956,522.20
gdn_prefill_qk4_v8_d128_k_last,51,a39aa135,PASSED,11.8943,0.0865,137.43
gdn_prefill_qk4_v8_d128_k_last,52,339a7ff4,PASSED,3.1842,0.0809,39.34
gdn_prefill_qk4_v8_d128_k_last,53,d8f4a9ae,PASSED,6.8232,0.0808,84.41
gdn_prefill_qk4_v8_d128_k_last,54,d3dc3577,PASSED,6.8106,0.0790,86.20
gdn_prefill_qk4_v8_d128_k_last,55,ce832e76,PASSED,79.8481,0.2394,333.53
gdn_prefill_qk4_v8_d128_k_last,56,6fbc155c,PASSED,136.4886,0.3131,435.93
gdn_prefill_qk4_v8_d128_k_last,57,a87ded8a,PASSED,484.4951,0.6258,774.18
gdn_prefill_qk4_v8_d128_k_last,58,62447caf,PASSED,6.0161,0.0787,76.41
gdn_prefill_qk4_v8_d128_k_last,59,fd072ba6,PASSED,21.6994,0.0918,236.47
gdn_prefill_qk4_v8_d128_k_last,60,35ea9bbe,PASSED,19.9026,0.0917,217.07
gdn_prefill_qk4_v8_d128_k_last,61,1aa8cf18,PASSED,7.0180,0.0822,85.39
gdn_prefill_qk4_v8_d128_k_last,62,d5f5c00c,PASSED,5.4755,0.0792,69.15
gdn_prefill_qk4_v8_d128_k_last,63,d5aa60dc,PASSED,48.2576,0.1599,301.85
gdn_prefill_qk4_v8_d128_k_last,64,28b70283,PASSED,4.7839,0.0802,59.65
gdn_prefill_qk4_v8_d128_k_last,65,73b8cc85,PASSED,19.8128,0.1233,160.67
gdn_prefill_qk4_v8_d128_k_last,66,2683c087,PASSED,16.7710,0.1251,134.08
gdn_prefill_qk4_v8_d128_k_last,67,4b94d568,PASSED,98.6956,0.2472,399.18
gdn_prefill_qk4_v8_d128_k_last,68,a0eb2dc2,PASSED,17.5051,0.1226,142.80
gdn_prefill_qk4_v8_d128_k_last,69,f3d30cb9,PASSED,14.3550,0.0929,154.46
gdn_prefill_qk4_v8_d128_k_last,70,7a7deca8,PASSED,15.0976,0.1174,128.63
gdn_prefill_qk4_v8_d128_k_last,71,977d19f8,PASSED,5.4217,0.0788,68.83
gdn_prefill_qk4_v8_d128_k_last,72,02c1e5f0,PASSED,6.0032,0.0790,75.98
gdn_prefill_qk4_v8_d128_k_last,73,5a91aa02,PASSED,74.2032,0.1858,399.45
gdn_prefill_qk4_v8_d128_k_last,74,8e7ef744,PASSED,2.6426,0.0780,33.90
gdn_prefill_qk4_v8_d128_k_last,75,85d7becb,PASSED,3.6969,0.0784,47.16
gdn_prefill_qk4_v8_d128_k_last,76,e286a4f4,PASSED,308.0802,0.4777,644.92
gdn_prefill_qk4_v8_d128_k_last,77,08d4f2c4,PASSED,167.9830,0.3829,438.69
gdn_prefill_qk4_v8_d128_k_last,78,9c1ef562,PASSED,164.8549,0.3845,428.78
gdn_prefill_qk4_v8_d128_k_last,79,bfd8f7b6,PASSED,46.4630,0.1691,274.78
gdn_prefill_qk4_v8_d128_k_last,80,c358edcd,PASSED,337.4838,0.7224,467.18
gdn_prefill_qk4_v8_d128_k_last,81,f203fdcd,PASSED,8.2938,0.0816,101.66
gdn_prefill_qk4_v8_d128_k_last,82,33a38713,PASSED,23.9229,0.0945,253.21
gdn_prefill_qk4_v8_d128_k_last,83,3a77dfec,PASSED,14.4981,0.0869,166.80
gdn_prefill_qk4_v8_d128_k_last,84,ea27be17,PASSED,13.0154,0.0861,151.09
gdn_prefill_qk4_v8_d128_k_last,85,49ef89d2,PASSED,11.5951,0.1153,100.59
gdn_prefill_qk4_v8_d128_k_last,86,056224b8,PASSED,11.8516,0.1152,102.87
gdn_prefill_qk4_v8_d128_k_last,87,685d26ff,PASSED,2.7322,0.0781,34.97
gdn_prefill_qk4_v8_d128_k_last,88,352c9ace,PASSED,86.7408,0.2617,331.43
gdn_prefill_qk4_v8_d128_k_last,89,2c9693b4,PASSED,9.5813,0.0822,116.50
gdn_prefill_qk4_v8_d128_k_last,90,27f44fd6,PASSED,8.4621,0.0821,103.09
gdn_prefill_qk4_v8_d128_k_last,91,07aa7922,PASSED,978.0719,2.1985,444.87
gdn_prefill_qk4_v8_d128_k_last,92,eaa0fd47,PASSED,3.1757,0.0782,40.62
gdn_prefill_qk4_v8_d128_k_last,93,f105eda8,PASSED,113.8101,0.2425,469.26
gdn_prefill_qk4_v8_d128_k_last,94,cd979341,PASSED,15.4746,0.0879,176.00
gdn_prefill_qk4_v8_d128_k_last,95,43bf9699,PASSED,183.9345,0.3812,482.52
gdn_prefill_qk4_v8_d128_k_last,96,54856fec,PASSED,161.0926,0.3779,426.26
gdn_prefill_qk4_v8_d128_k_last,97,2ba465c0,PASSED,5.2864,0.0788,67.09
gdn_prefill_qk4_v8_d128_k_last,98,1efaf2a9,PASSED,7.3415,0.0785,93.52
gdn_prefill_qk4_v8_d128_k_last,99,a01a3f93,PASSED,380.4775,0.7565,502.95
gdn_prefill_qk4_v8_d128_k_last,100,cc241d2e,PASSED,4.2206,0.0806,52.38
gemm_n4096_k4096,1,280860e6,PASSED,0.0372,0.0684,0.54
gemm_n4096_k4096,2,2e90109a,PASSED,0.0352,0.0664,0.53
gemm_n4096_k4096,3,e7c939ae,PASSED,0.0335,0.0660,0.51
gemm_n4096_k4096,4,3ab6479f,PASSED,0.0342,0.0654,0.52
gemm_n4096_k4096,5,29581017,PASSED,0.0328,0.0674,0.49
gemm_n4096_k4096,6,e97cc8b3,PASSED,0.0336,0.0656,0.51
gemm_n4096_k4096,7,c69f1da6,PASSED,0.0324,0.0660,0.49
gemm_n4096_k4096,8,38a98eb2,PASSED,0.0328,0.0656,0.50
gemm_n4096_k4096,9,62f7844c,PASSED,0.0313,0.0669,0.47
gemm_n4096_k4096,10,1342c570,PASSED,0.0321,0.0654,0.49
gemm_n4096_k4096,11,beb5da20,PASSED,0.0311,0.0664,0.47
gemm_n4096_k4096,12,c8c9178e,PASSED,0.0315,0.0654,0.48
gemm_n4096_k4096,13,c103a7db,PASSED,0.0303,0.0672,0.45
gemm_n4096_k4096,14,ed0bbc00,PASSED,0.0310,0.0656,0.47
gemm_n4096_k4096,15,83deae78,PASSED,0.0302,0.0652,0.46
gemm_n4096_k4096,16,76fde2b6,PASSED,0.0308,0.0657,0.47
gemm_n4096_k4096,17,29ebd771,PASSED,0.0291,0.0651,0.45
gemm_n4096_k4096,18,73dd121d,PASSED,0.0292,0.0670,0.44
gemm_n4096_k4096,19,27fa4c34,PASSED,0.0288,0.0663,0.44
gemm_n4096_k4096,20,faac134d,PASSED,0.0287,0.0664,0.43
gemm_n4096_k4096,21,1948bb55,PASSED,0.0286,0.0672,0.42
gemm_n4096_k4096,22,3a7e6db4,PASSED,0.0280,0.0659,0.43
gemm_n4096_k4096,23,dcb04a7e,PASSED,0.0282,0.0720,0.39
gemm_n4096_k4096,24,ef996a93,PASSED,0.0296,0.0671,0.44
gemm_n4096_k4096,25,67d4c8f3,PASSED,0.0282,0.0647,0.44
gemm_n4096_k4096,26,54d34708,PASSED,0.0288,0.0646,0.45
gemm_n4096_k4096,27,59ca23f5,PASSED,0.0280,0.0644,0.43
gemm_n4096_k4096,28,54062a8b,PASSED,0.0281,0.0644,0.44
gemm_n4096_k4096,29,5230e6ed,PASSED,0.0278,0.0653,0.43
gemm_n4096_k4096,30,73212638,PASSED,0.0283,0.0640,0.44
gemm_n4096_k4096,31,404d21b1,PASSED,0.0305,0.0643,0.47
gemm_n4096_k4096,32,4cdab8cd,PASSED,0.0274,0.0648,0.42
gemm_n4096_k4096,33,f439da26,PASSED,0.0274,0.0599,0.46
gemm_n4096_k4096,34,6c2f4ba8,PASSED,0.0274,0.0604,0.45
gemm_n4096_k4096,35,e39649a6,PASSED,0.0273,0.0601,0.45
gemm_n4096_k4096,36,094ef833,PASSED,0.0275,0.0605,0.46
gemm_n4096_k4096,37,4c6bdefd,PASSED,0.0274,0.0600,0.46
gemm_n4096_k4096,38,da2a2234,PASSED,0.0663,0.1679,0.40
gemm_n4096_k4096,39,897b6544,PASSED,0.0278,0.0673,0.41
gemm_n4096_k4096,40,8a8311fa,PASSED,0.1617,0.2855,0.57
gemm_n4096_k4096,41,b626104c,PASSED,0.6251,0.8559,0.73
gemm_n4096_k4096,42,547e0ce5,PASSED,0.2024,0.3075,0.66
gemm_n4096_k4096,43,339de815,PASSED,0.0289,0.0601,0.48
gqa_paged_decode_h32_kv8_d128_ps1,1,e2142798,PASSED,4.1949,0.0604,69.50
gqa_paged_decode_h32_kv8_d128_ps1,2,2849bdc5,PASSED,4.1554,0.0585,70.98
gqa_paged_decode_h32_kv8_d128_ps1,3,aa937325,PASSED,4.1706,0.0580,71.87
gqa_paged_decode_h32_kv8_d128_ps1,4,be0e9c07,PASSED,3.8839,0.0519,74.78
gqa_paged_decode_h32_kv8_d128_ps1,5,13bd6f6d,PASSED,3.7432,0.0513,72.94
gqa_paged_decode_h32_kv8_d128_ps1,6,4b6e577b,PASSED,3.7529,0.0521,71.97
gqa_paged_decode_h32_kv8_d128_ps1,7,233743f3,PASSED,3.7635,0.0529,71.17
gqa_paged_decode_h32_kv8_d128_ps1,8,55b7d182,PASSED,3.6928,0.0514,71.81
gqa_paged_decode_h32_kv8_d128_ps1,9,d8826343,PASSED,3.7198,0.0511,72.85
gqa_paged_decode_h32_kv8_d128_ps1,10,cc152036,PASSED,3.6868,0.0509,72.49
gqa_paged_decode_h32_kv8_d128_ps1,11,2f08e877,PASSED,3.6953,0.0505,73.13
gqa_paged_decode_h32_kv8_d128_ps1,12,62aad293,PASSED,3.7003,0.0503,73.54
gqa_paged_decode_h32_kv8_d128_ps1,13,7e5dca40,PASSED,3.7115,0.0511,72.60
gqa_paged_decode_h32_kv8_d128_ps1,14,d58b7e5a,PASSED,3.7297,0.0512,72.88
gqa_paged_decode_h32_kv8_d128_ps1,15,86584e1f,PASSED,3.7844,0.0512,73.92
gqa_paged_decode_h32_kv8_d128_ps1,16,1ae14253,PASSED,3.7495,0.0509,73.70
gqa_paged_decode_h32_kv8_d128_ps1,17,39ca5ed6,PASSED,57.5891,0.0556,1036.02
gqa_paged_decode_h32_kv8_d128_ps1,18,85fac3ed,PASSED,57.3804,0.0551,1041.56
gqa_paged_decode_h32_kv8_d128_ps1,19,cd36924a,PASSED,57.5301,0.0584,985.00
gqa_paged_decode_h32_kv8_d128_ps1,20,db2de7f1,PASSED,57.6562,0.0527,1093.07
gqa_paged_decode_h32_kv8_d128_ps1,21,1e15ed03,PASSED,58.2351,0.1194,487.69
gqa_paged_decode_h32_kv8_d128_ps1,22,f31598f9,PASSED,57.4022,0.0577,994.05
gqa_paged_decode_h32_kv8_d128_ps1,23,5aecf120,PASSED,57.6345,0.0565,1019.74
gqa_paged_decode_h32_kv8_d128_ps1,24,8a1fd5df,PASSED,57.3624,0.0559,1026.30
gqa_paged_decode_h32_kv8_d128_ps1,25,ccdc67b6,PASSED,58.0721,0.1410,411.79
gqa_paged_decode_h32_kv8_d128_ps1,26,16e73fbc,PASSED,57.5249,0.0539,1067.00
gqa_paged_decode_h32_kv8_d128_ps1,27,d2c89e1d,PASSED,57.5316,0.0593,970.87
gqa_paged_decode_h32_kv8_d128_ps1,28,434980b4,PASSED,57.9970,0.0612,947.06
gqa_paged_decode_h32_kv8_d128_ps1,29,0ea2f83b,PASSED,57.7764,0.0578,1000.39
gqa_paged_decode_h32_kv8_d128_ps1,30,127a80a4,PASSED,57.4689,0.0554,1037.31
gqa_paged_decode_h32_kv8_d128_ps1,31,f248b828,PASSED,57.4678,0.0550,1045.56
gqa_paged_decode_h32_kv8_d128_ps1,32,ebe29c4a,PASSED,57.3958,0.0599,958.66
gqa_paged_decode_h32_kv8_d128_ps1,33,91552da7,PASSED,232.8693,0.3035,767.40
gqa_paged_decode_h32_kv8_d128_ps1,34,27b811f9,PASSED,244.5107,0.3084,792.91
gqa_paged_decode_h32_kv8_d128_ps1,35,cfccc048,PASSED,241.6639,0.2967,814.47
gqa_paged_decode_h32_kv8_d128_ps1,36,9608dc13,PASSED,240.7580,0.3057,787.49
gqa_paged_decode_h32_kv8_d128_ps1,37,d4415ca7,PASSED,241.1974,0.3117,773.82
gqa_paged_decode_h32_kv8_d128_ps1,38,43de6e71,PASSED,240.1829,0.3066,783.42
gqa_paged_decode_h32_kv8_d128_ps1,39,12b921da,PASSED,242.3867,0.2978,814.05
gqa_paged_decode_h32_kv8_d128_ps1,40,817a4061,PASSED,245.7055,0.3127,785.80
gqa_paged_decode_h32_kv8_d128_ps1,41,7077cfb4,PASSED,279.1984,0.2618,1066.35
gqa_paged_decode_h32_kv8_d128_ps1,42,d562ca35,PASSED,266.2728,0.2544,1046.85
gqa_paged_decode_h32_kv8_d128_ps1,43,556fea1d,PASSED,264.0279,0.2806,941.10
gqa_paged_decode_h32_kv8_d128_ps1,44,116916f0,PASSED,270.4573,0.2568,1053.00
gqa_paged_decode_h32_kv8_d128_ps1,45,e165c254,PASSED,279.1555,0.2893,965.06
gqa_paged_decode_h32_kv8_d128_ps1,46,486d0874,PASSED,265.1018,0.2834,935.51
gqa_paged_decode_h32_kv8_d128_ps1,47,5444fc56,PASSED,266.4400,0.2747,970.10
gqa_paged_decode_h32_kv8_d128_ps1,48,d78eb414,PASSED,268.0703,0.2598,1031.95
gqa_paged_prefill_causal_h32_kv8_d128_ps1,1,fc772d69,PASSED,4.5980,0.0660,69.72
gqa_paged_prefill_causal_h32_kv8_d128_ps1,2,25f2945c,PASSED,4.7275,0.0652,72.48
gqa_paged_prefill_causal_h32_kv8_d128_ps1,3,75ab4c21,PASSED,113.9283,0.1130,1008.64
gqa_paged_prefill_causal_h32_kv8_d128_ps1,4,16380f11,PASSED,127.2265,0.1105,1151.28
gqa_paged_prefill_causal_h32_kv8_d128_ps1,5,b0d4771c,PASSED,11.3224,0.0577,196.36
gqa_paged_prefill_causal_h32_kv8_d128_ps1,6,76331469,PASSED,15.2677,0.0576,265.08
gqa_paged_prefill_causal_h32_kv8_d128_ps1,7,f2d34c1b,PASSED,364.8114,0.0999,3651.88
gqa_paged_prefill_causal_h32_kv8_d128_ps1,8,8a42cd3e,PASSED,61.1657,0.0895,683.26
gqa_paged_prefill_causal_h32_kv8_d128_ps1,9,cb90a0b7,PASSED,247.1370,0.0719,3439.61
gqa_paged_prefill_causal_h32_kv8_d128_ps1,10,91315148,PASSED,344.4251,0.0878,3921.28
gqa_paged_prefill_causal_h32_kv8_d128_ps1,11,b8731259,PASSED,27.3745,0.0568,481.65
gqa_paged_prefill_causal_h32_kv8_d128_ps1,12,a48b24b5,PASSED,372.6112,0.0801,4652.78
gqa_paged_prefill_causal_h32_kv8_d128_ps1,13,daf49d35,PASSED,127.4591,0.0582,2188.80
gqa_paged_prefill_causal_h32_kv8_d128_ps1,14,8d63c284,PASSED,11.7778,0.0591,199.24
gqa_paged_prefill_causal_h32_kv8_d128_ps1,15,ba4c5139,PASSED,49.9260,0.0566,881.47
gqa_paged_prefill_causal_h32_kv8_d128_ps1,16,94a059b3,PASSED,113.0159,0.0810,1394.75
gqa_paged_prefill_causal_h32_kv8_d128_ps1,17,a94c44ab,PASSED,13.3902,0.1267,105.65
gqa_paged_prefill_causal_h32_kv8_d128_ps1,18,e24ab7f4,PASSED,11.4056,0.0572,199.29
gqa_paged_prefill_causal_h32_kv8_d128_ps1,19,69d78884,PASSED,11.4959,0.0573,200.53
gqa_paged_prefill_causal_h32_kv8_d128_ps1,20,504545a8,PASSED,16.2287,0.0569,285.11
gqa_paged_prefill_causal_h32_kv8_d128_ps1,21,6f97a3dd,PASSED,147.5488,0.0773,1909.80
gqa_paged_prefill_causal_h32_kv8_d128_ps1,22,c8bc932f,PASSED,95.0439,0.0878,1082.79
gqa_paged_prefill_causal_h32_kv8_d128_ps1,23,0f85513f,PASSED,7.6160,0.0576,132.31
gqa_paged_prefill_causal_h32_kv8_d128_ps1,24,07c8cd27,PASSED,39.9949,0.0580,689.61
gqa_paged_prefill_causal_h32_kv8_d128_ps1,25,d1b0b14d,PASSED,364.9225,0.0887,4112.87
gqa_paged_prefill_causal_h32_kv8_d128_ps1,26,3b672ff1,PASSED,5.1126,0.0967,52.88
gqa_paged_prefill_causal_h32_kv8_d128_ps1,27,7e6843d3,PASSED,45.8298,0.0565,811.67
gqa_paged_prefill_causal_h32_kv8_d128_ps1,28,37c4311f,PASSED,278.7894,0.0894,3118.58
gqa_paged_prefill_causal_h32_kv8_d128_ps1,29,79e1da50,PASSED,8.9503,0.0584,153.33
gqa_paged_prefill_causal_h32_kv8_d128_ps1,30,e1144355,PASSED,211.7505,0.0630,3362.76
gqa_paged_prefill_causal_h32_kv8_d128_ps1,31,cb6b20f1,PASSED,3.8938,0.0564,69.05
gqa_paged_prefill_causal_h32_kv8_d128_ps1,32,b8575f8f,PASSED,66.8634,0.0981,681.77
gqa_paged_prefill_causal_h32_kv8_d128_ps1,33,a1638bf3,PASSED,95.2189,0.0714,1333.87
gqa_paged_prefill_causal_h32_kv8_d128_ps1,34,3c7f53af,PASSED,17.9050,0.0595,300.71
gqa_paged_prefill_causal_h32_kv8_d128_ps1,35,81086b48,PASSED,7.6089,0.0567,134.24
gqa_paged_prefill_causal_h32_kv8_d128_ps1,36,0f3445d7,PASSED,531.6052,0.0972,5467.68
gqa_paged_prefill_causal_h32_kv8_d128_ps1,37,934884ed,PASSED,11.1156,0.0576,192.87
gqa_paged_prefill_causal_h32_kv8_d128_ps1,38,081f9628,PASSED,156.5073,1.6332,95.83
gqa_ragged_prefill_causal_h32_kv8_d128,1,f7a038e9,PASSED,0.5011,0.0610,8.22
gqa_ragged_prefill_causal_h32_kv8_d128,2,f4c23a33,PASSED,0.4283,0.0571,7.51
gqa_ragged_prefill_causal_h32_kv8_d128,3,bad384fa,PASSED,0.5051,0.0696,7.26
gqa_ragged_prefill_causal_h32_kv8_d128,4,2068cdff,PASSED,0.8776,0.1078,8.14
gqa_ragged_prefill_causal_h32_kv8_d128,5,6f3e1bfe,PASSED,36.3732,0.8880,40.96
gqa_ragged_prefill_causal_h32_kv8_d128,6,adefedc4,PASSED,37.5012,0.8278,45.30
gqa_ragged_prefill_causal_h32_kv8_d128,7,fab48473,PASSED,0.4415,0.0516,8.56
gqa_ragged_prefill_causal_h32_kv8_d128,8,3a919718,PASSED,0.3807,0.0502,7.58
gqa_ragged_prefill_causal_h32_kv8_d128,9,32f5e961,PASSED,0.4444,0.0598,7.43
gqa_ragged_prefill_causal_h32_kv8_d128,10,daa2d149,PASSED,0.4429,0.0606,7.31
gqa_ragged_prefill_causal_h32_kv8_d128,11,ef683298,PASSED,0.4391,0.0596,7.37
gqa_ragged_prefill_causal_h32_kv8_d128,12,568a6016,PASSED,0.4419,0.0587,7.53
gqa_ragged_prefill_causal_h32_kv8_d128,13,b8f94163,PASSED,0.4370,0.0511,8.55
gqa_ragged_prefill_causal_h32_kv8_d128,14,bdc49f9e,PASSED,0.3767,0.0499,7.55
gqa_ragged_prefill_causal_h32_kv8_d128,15,da9042ea,PASSED,0.4470,0.0592,7.55
gqa_ragged_prefill_causal_h32_kv8_d128,16,58701318,PASSED,0.4460,0.0591,7.54
gqa_ragged_prefill_causal_h32_kv8_d128,17,2328b031,PASSED,4.9268,0.1059,46.54
gqa_ragged_prefill_causal_h32_kv8_d128,18,012bb8e4,PASSED,0.4438,0.0598,7.42
gqa_ragged_prefill_causal_h32_kv8_d128,19,370287f0,PASSED,0.4501,0.0599,7.51
gqa_ragged_prefill_causal_h32_kv8_d128,20,7a08a0f6,PASSED,32.1744,0.7946,40.49
gqa_ragged_prefill_causal_h32_kv8_d128,21,dc8c1d18,PASSED,1.7466,0.0954,18.31
mla_paged_decode_h16_ckv512_kpe64_ps1,1,00cb2bc2,PASSED,2.6720,0.0522,51.22
mla_paged_decode_h16_ckv512_kpe64_ps1,2,c2e8ef55,PASSED,2.0951,0.0556,37.68
mla_paged_decode_h16_ckv512_kpe64_ps1,3,deb5f26c,PASSED,2.2821,0.0592,38.54
mla_paged_decode_h16_ckv512_kpe64_ps1,4,7cd78cb9,PASSED,2.1118,0.0641,32.95
mla_paged_decode_h16_ckv512_kpe64_ps1,5,951de642,PASSED,2.2716,0.0768,29.59
mla_paged_decode_h16_ckv512_kpe64_ps1,6,4d9f5e3e,PASSED,2.1158,0.0784,26.98
mla_paged_decode_h16_ckv512_kpe64_ps1,7,5c200fe9,PASSED,2.1483,0.0950,22.61
mla_paged_decode_h16_ckv512_kpe64_ps1,8,d232cde2,PASSED,2.1741,0.0988,22.00
mla_paged_decode_h16_ckv512_kpe64_ps1,9,2cde88e6,PASSED,2.1148,0.1068,19.80
mla_paged_decode_h16_ckv512_kpe64_ps1,10,53a7dfec,PASSED,2.2429,0.2357,9.52
mla_paged_decode_h16_ckv512_kpe64_ps1,11,f26d4f7f,PASSED,2.1299,0.1764,12.07
mla_paged_decode_h16_ckv512_kpe64_ps1,12,e6bef587,PASSED,2.2249,0.1229,18.11
mla_paged_decode_h16_ckv512_kpe64_ps1,13,d0da33e2,PASSED,2.1571,0.2116,10.19
mla_paged_decode_h16_ckv512_kpe64_ps1,14,990b57e3,PASSED,2.1756,0.1339,16.24
mla_paged_decode_h16_ckv512_kpe64_ps1,15,28210082,PASSED,2.1969,0.1319,16.66
mla_paged_decode_h16_ckv512_kpe64_ps1,16,5e86857b,PASSED,5.1944,0.1226,42.38
mla_paged_decode_h16_ckv512_kpe64_ps1,17,34026642,PASSED,5.1604,0.0816,63.21
mla_paged_decode_h16_ckv512_kpe64_ps1,18,89070a1d,PASSED,5.2332,0.1241,42.17
mla_paged_decode_h16_ckv512_kpe64_ps1,19,1250b1f6,PASSED,5.3882,0.1299,41.49
mla_paged_decode_h16_ckv512_kpe64_ps1,20,5bfb8416,PASSED,5.2251,0.0829,63.04
mla_paged_decode_h16_ckv512_kpe64_ps1,21,57106903,PASSED,5.2470,0.0882,59.49
mla_paged_decode_h16_ckv512_kpe64_ps1,22,373074ba,PASSED,5.1533,0.0874,58.98
mla_paged_decode_h16_ckv512_kpe64_ps1,23,c4e14a53,PASSED,5.2878,0.1640,32.25
mla_paged_decode_h16_ckv512_kpe64_ps1,24,f42ce054,PASSED,5.2041,0.0875,59.49
mla_paged_decode_h16_ckv512_kpe64_ps1,25,220b10b5,PASSED,5.4091,0.1686,32.09
mla_paged_decode_h16_ckv512_kpe64_ps1,26,787d2d2f,PASSED,5.1365,0.0905,56.77
mla_paged_decode_h16_ckv512_kpe64_ps1,27,e417264f,PASSED,5.2590,0.1770,29.71
mla_paged_decode_h16_ckv512_kpe64_ps1,28,a128f96f,PASSED,5.1723,0.1393,37.14
mla_paged_decode_h16_ckv512_kpe64_ps1,29,bd2dae14,PASSED,5.3350,0.1859,28.70
mla_paged_decode_h16_ckv512_kpe64_ps1,30,84221f45,PASSED,5.3535,0.1988,26.93
mla_paged_decode_h16_ckv512_kpe64_ps1,31,7a9dc58c,PASSED,5.5512,0.1420,39.09
mla_paged_decode_h16_ckv512_kpe64_ps1,32,fd4b2558,PASSED,16.3536,0.1908,85.70
mla_paged_decode_h16_ckv512_kpe64_ps1,33,7e083fc8,PASSED,16.5546,0.1936,85.51
mla_paged_decode_h16_ckv512_kpe64_ps1,34,60b29b12,PASSED,16.7779,0.1952,85.96
mla_paged_decode_h16_ckv512_kpe64_ps1,35,b018a35e,PASSED,15.6877,0.1992,78.75
mla_paged_decode_h16_ckv512_kpe64_ps1,36,86a0eb47,PASSED,15.6266,0.2031,76.92
mla_paged_decode_h16_ckv512_kpe64_ps1,37,80797c3d,PASSED,15.2058,0.2499,60.86
mla_paged_decode_h16_ckv512_kpe64_ps1,38,f4367b30,PASSED,15.6296,0.2562,61.00
mla_paged_decode_h16_ckv512_kpe64_ps1,39,b15c7099,PASSED,15.8251,0.2627,60.24
mla_paged_decode_h16_ckv512_kpe64_ps1,40,65082ffb,PASSED,15.8436,0.2625,60.36
mla_paged_decode_h16_ckv512_kpe64_ps1,41,d771f51c,PASSED,15.2232,0.2642,57.63
mla_paged_decode_h16_ckv512_kpe64_ps1,42,5bef8d88,PASSED,15.3289,0.6582,23.29
mla_paged_decode_h16_ckv512_kpe64_ps1,43,45be562f,PASSED,15.2999,0.1588,96.37
mla_paged_decode_h16_ckv512_kpe64_ps1,44,939f995a,PASSED,15.6520,0.6414,24.40
mla_paged_decode_h16_ckv512_kpe64_ps1,45,c9ba5e7f,PASSED,15.9580,0.1701,93.80
mla_paged_decode_h16_ckv512_kpe64_ps1,46,0c746a7a,PASSED,15.7512,0.1784,88.27
mla_paged_decode_h16_ckv512_kpe64_ps1,47,1c3743b9,PASSED,15.9257,0.6563,24.27
mla_paged_prefill_causal_h16_ckv512_kpe64_ps1,1,55b51e96,PASSED,8.1202,0.0738,109.98
mla_paged_prefill_causal_h16_ckv512_kpe64_ps1,2,d30e4c23,PASSED,2.1807,0.0723,30.15
mla_paged_prefill_causal_h16_ckv512_kpe64_ps1,3,7572654f,PASSED,5.0157,0.0647,77.47
mla_paged_prefill_causal_h16_ckv512_kpe64_ps1,4,473e30ea,PASSED,10.9754,0.0647,169.57
mla_paged_prefill_causal_h16_ckv512_kpe64_ps1,5,bda0e743,PASSED,64.9366,0.0997,651.22
mla_paged_prefill_causal_h16_ckv512_kpe64_ps1,6,7e602557,PASSED,48.1104,0.0949,506.71
mla_paged_prefill_causal_h16_ckv512_kpe64_ps1,7,5ca61491,PASSED,2.8916,0.0730,39.63
mla_paged_prefill_causal_h16_ckv512_kpe64_ps1,8,77737de2,PASSED,205.6415,0.3491,589.01
mla_paged_prefill_causal_h16_ckv512_kpe64_ps1,9,b270fd9c,PASSED,3.5974,0.0639,56.28
mla_paged_prefill_causal_h16_ckv512_kpe64_ps1,10,3bdcf0e1,PASSED,2.4721,0.0640,38.60
mla_paged_prefill_causal_h16_ckv512_kpe64_ps1,11,6c8fe593,PASSED,4.1190,0.0638,64.58
mla_paged_prefill_causal_h16_ckv512_kpe64_ps1,12,98814691,PASSED,6.4000,0.0651,98.38
mla_paged_prefill_causal_h16_ckv512_kpe64_ps1,13,74202b1d,PASSED,1546.8641,2.6967,573.62
mla_paged_prefill_causal_h16_ckv512_kpe64_ps1,14,6e3567c4,PASSED,6.6815,0.0661,101.15
mla_paged_prefill_causal_h16_ckv512_kpe64_ps1,15,a455e8fb,PASSED,2.4045,0.0635,37.86
mla_paged_prefill_causal_h16_ckv512_kpe64_ps1,16,bb28f188,PASSED,180.5793,0.3281,550.37
mla_paged_prefill_causal_h16_ckv512_kpe64_ps1,17,ed999c80,PASSED,7.9485,0.4195,18.95
mla_paged_prefill_causal_h16_ckv512_kpe64_ps1,18,cb60b649,PASSED,4.4775,0.0642,69.78
mla_paged_prefill_causal_h16_ckv512_kpe64_ps1,19,e6f75600,PASSED,13.4142,0.0649,206.62
mla_paged_prefill_causal_h16_ckv512_kpe64_ps1,20,733a7bbe,PASSED,519.3833,1.6372,317.23
mla_paged_prefill_causal_h16_ckv512_kpe64_ps1,21,892d1b8f,PASSED,330.3915,0.2252,1467.38
mla_paged_prefill_causal_h16_ckv512_kpe64_ps1,22,4eeb9b51,PASSED,36.4120,0.0773,470.92
mla_paged_prefill_causal_h16_ckv512_kpe64_ps1,23,77573fb4,PASSED,81.1322,0.1039,781.19
mla_paged_prefill_causal_h16_ckv512_kpe64_ps1,24,9722a8a5,PASSED,18.5587,0.0651,285.07
mla_paged_prefill_causal_h16_ckv512_kpe64_ps1,25,053a88a3,PASSED,1033.4475,1.6415,629.58
mla_paged_prefill_causal_h16_ckv512_kpe64_ps1,26,a06f2653,PASSED,2774.2079,56.2351,49.33
mla_paged_prefill_causal_h16_ckv512_kpe64_ps1,27,a8cff3c6,PASSED,9.0467,0.0653,138.54
mla_paged_prefill_causal_h16_ckv512_kpe64_ps1,28,71df32c9,PASSED,3.4884,0.0650,53.67
mla_paged_prefill_causal_h16_ckv512_kpe64_ps1,29,22689bbd,PASSED,136.4286,0.2173,627.77
mla_paged_prefill_causal_h16_ckv512_kpe64_ps1,30,a6fbb45c,PASSED,11.5675,0.0673,171.82
mla_paged_prefill_causal_h16_ckv512_kpe64_ps1,31,d44f32e1,PASSED,23.2343,0.0644,360.69
mla_paged_prefill_causal_h16_ckv512_kpe64_ps1,32,9265de63,PASSED,2.9259,0.0642,45.58
mla_paged_prefill_causal_h16_ckv512_kpe64_ps1,33,805238ee,PASSED,654.9785,0.7225,906.58
mla_paged_prefill_causal_h16_ckv512_kpe64_ps1,34,fe63f292,PASSED,2748.4390,8.2983,331.20
mla_paged_prefill_causal_h16_ckv512_kpe64_ps1,35,54187805,PASSED,2578.3698,5.8159,443.33
mla_paged_prefill_causal_h16_ckv512_kpe64_ps1,36,f96b666d,PASSED,25.7943,0.0663,389.26
mla_paged_prefill_causal_h16_ckv512_kpe64_ps1,37,d88c9577,PASSED,3.2684,0.0635,51.51
mla_paged_prefill_causal_h16_ckv512_kpe64_ps1,38,0e70750d,PASSED,1888.8742,12.5323,150.72
rmsnorm_h4096,1,33bf737d,PASSED,0.0816,0.0376,2.17
rmsnorm_h4096,2,864d596c,PASSED,0.0789,0.0367,2.15
rmsnorm_h4096,3,f7c3b329,PASSED,0.0807,0.0367,2.20
rmsnorm_h4096,4,b010c7f2,PASSED,0.0795,0.0361,2.20
rmsnorm_h4096,5,f0f508c3,PASSED,0.9755,0.1061,9.20
rmsnorm_h4096,6,cfddc087,PASSED,0.8175,0.0922,8.86
rmsnorm_h4096,7,14531e96,PASSED,0.0823,0.0371,2.22
rmsnorm_h4096,8,a497c980,PASSED,0.0810,0.0367,2.21
rmsnorm_h4096,9,d1337dc1,PASSED,0.7459,0.0860,8.67
rmsnorm_h4096,10,0cf0fdba,PASSED,0.6194,0.0756,8.19
rmsnorm_h4096,11,d9e317ac,PASSED,0.0794,0.0363,2.18
rmsnorm_h4096,12,818219cc,PASSED,0.0795,0.0362,2.19
rmsnorm_h4096,13,841b0afa,PASSED,0.9878,0.1061,9.31
rmsnorm_h4096,14,9d403d2b,PASSED,0.0796,0.0363,2.19
005_conv_gated_projection_with_causal_conv,1,6033fd0f,PASSED,1.2518,0.7827,1.60
005_conv_gated_projection_with_causal_conv,2,36e77f89,PASSED,0.6165,0.4015,1.54
005_conv_gated_projection_with_causal_conv,3,121c8e28,PASSED,0.6210,0.4134,1.50
005_conv_gated_projection_with_causal_conv,4,1408082c,PASSED,0.6289,0.4176,1.51
005_conv_gated_projection_with_causal_conv,5,bb262a64,PASSED,0.3025,0.1936,1.56
005_conv_gated_projection_with_causal_conv,6,66fd2ad8,PASSED,0.1092,0.0752,1.45
005_conv_gated_projection_with_causal_conv,7,58e3ac47,PASSED,1.1445,0.7867,1.45
005_conv_gated_projection_with_causal_conv,8,0a859b3a,PASSED,0.6263,0.4002,1.57
005_conv_gated_projection_with_causal_conv,9,3ac091d6,PASSED,0.3176,0.1925,1.65
005_conv_gated_projection_with_causal_conv,10,dcc98535,PASSED,0.0664,0.0580,1.14
005_conv_gated_projection_with_causal_conv,11,d9432839,PASSED,1.1252,0.7796,1.44
005_conv_gated_projection_with_causal_conv,12,01719394,PASSED,1.2283,0.7702,1.59
005_conv_gated_projection_with_causal_conv,13,b0a9e3f0,PASSED,0.1671,0.1147,1.46
005_conv_gated_projection_with_causal_conv,14,b662596d,PASSED,0.3296,0.2639,1.25
005_conv_gated_projection_with_causal_conv,15,1979d4cb,PASSED,0.2893,0.1821,1.59
005_conv_gated_projection_with_causal_conv,16,8b678b13,PASSED,0.1687,0.1156,1.46
008_expert_output_weighted_index_add_accumulation,1,2c1d8396,PASSED,0.4287,0.0693,6.18
008_expert_output_weighted_index_add_accumulation,2,5a674481,PASSED,0.4472,0.0732,6.11
008_expert_output_weighted_index_add_accumulation,3,28f8046d,PASSED,0.0685,0.0133,5.14
008_expert_output_weighted_index_add_accumulation,4,c4a319ff,PASSED,1.7401,0.3668,4.74
008_expert_output_weighted_index_add_accumulation,5,8b677344,PASSED,0.4852,0.0699,6.95
008_expert_output_weighted_index_add_accumulation,6,01dfd338,PASSED,0.1212,0.0215,5.65
008_expert_output_weighted_index_add_accumulation,7,b61ee9a7,PASSED,0.8567,0.1348,6.36
008_expert_output_weighted_index_add_accumulation,8,0f250bfd,PASSED,0.2176,0.0377,5.77
008_expert_output_weighted_index_add_accumulation,9,edc192ac,PASSED,0.2189,0.0377,5.81
008_expert_output_weighted_index_add_accumulation,10,0bda2a65,PASSED,0.0371,0.0093,4.00
008_expert_output_weighted_index_add_accumulation,11,a57cc129,PASSED,0.2223,0.0377,5.90
008_expert_output_weighted_index_add_accumulation,12,611e32dd,PASSED,0.8681,0.1232,7.04
008_expert_output_weighted_index_add_accumulation,13,ada14c03,PASSED,0.1320,0.0219,6.02
008_expert_output_weighted_index_add_accumulation,14,172afa25,PASSED,0.0699,0.0135,5.17
008_expert_output_weighted_index_add_accumulation,15,b1b7efca,PASSED,2.3118,0.3666,6.31
008_expert_output_weighted_index_add_accumulation,16,8c5c94b5,PASSED,1.7365,0.3668,4.73
018_fused_rope_with_qk_norm_and_kv_cache_update,1,2ff5eaf3,PASSED,0.1109,0.0033,33.50
018_fused_rope_with_qk_norm_and_kv_cache_update,2,3c3b2b9b,PASSED,0.1931,0.0099,19.53
018_fused_rope_with_qk_norm_and_kv_cache_update,3,8f5402ae,PASSED,0.1277,0.0040,32.19
018_fused_rope_with_qk_norm_and_kv_cache_update,4,520daee2,PASSED,0.1521,0.0073,20.93
018_fused_rope_with_qk_norm_and_kv_cache_update,5,052e17c9,PASSED,0.5675,0.0325,17.45
018_fused_rope_with_qk_norm_and_kv_cache_update,6,d1dbaf22,PASSED,0.2113,0.0188,11.24
018_fused_rope_with_qk_norm_and_kv_cache_update,7,6a214883,PASSED,0.5363,0.0295,18.16
018_fused_rope_with_qk_norm_and_kv_cache_update,8,8603b54e,PASSED,1.8456,0.1258,14.67
018_fused_rope_with_qk_norm_and_kv_cache_update,9,39eb0040,PASSED,0.9802,0.0573,17.10
018_fused_rope_with_qk_norm_and_kv_cache_update,10,f71286e4,PASSED,0.2089,0.0111,18.87
018_fused_rope_with_qk_norm_and_kv_cache_update,11,3c5b9152,PASSED,0.6137,0.0331,18.55
018_fused_rope_with_qk_norm_and_kv_cache_update,12,d90ee047,PASSED,1.0906,0.0642,16.98
018_fused_rope_with_qk_norm_and_kv_cache_update,13,13f5b933,PASSED,0.3196,0.0181,17.63
020_vision_patch_merger_spatial_shuffle_mlp,1,3b69084d,PASSED,0.8127,0.4108,1.98
020_vision_patch_merger_spatial_shuffle_mlp,2,9d5b4822,PASSED,0.3202,0.2016,1.59
020_vision_patch_merger_spatial_shuffle_mlp,3,133134ee,PASSED,0.2985,0.1418,2.11
020_vision_patch_merger_spatial_shuffle_mlp,4,a2be6188,PASSED,0.5872,0.3633,1.62
020_vision_patch_merger_spatial_shuffle_mlp,5,67d44c8f,PASSED,0.3422,0.2485,1.38
020_vision_patch_merger_spatial_shuffle_mlp,6,42de85c1,PASSED,1.5484,0.7007,2.21
020_vision_patch_merger_spatial_shuffle_mlp,7,24f153b1,PASSED,0.8895,0.6032,1.47
020_vision_patch_merger_spatial_shuffle_mlp,8,c60491d2,PASSED,4.2983,2.7378,1.57
020_vision_patch_merger_spatial_shuffle_mlp,9,1f411501,PASSED,1.6876,1.1446,1.47
020_vision_patch_merger_spatial_shuffle_mlp,10,b52d9dc5,PASSED,1.4001,0.5924,2.36
020_vision_patch_merger_spatial_shuffle_mlp,11,ffadc1e3,PASSED,2.2231,1.3485,1.65
020_vision_patch_merger_spatial_shuffle_mlp,12,ea969b1d,PASSED,7.6313,5.5128,1.38
020_vision_patch_merger_spatial_shuffle_mlp,13,9376d72b,PASSED,0.5586,0.2118,2.64
020_vision_patch_merger_spatial_shuffle_mlp,14,31eaac46,PASSED,0.4354,0.2538,1.72
020_vision_patch_merger_spatial_shuffle_mlp,15,38e61f30,PASSED,0.3935,0.1293,3.04
053_gaussian_topk_sparse_activation,1,151250c8,PASSED,0.6404,0.0099,64.76
053_gaussian_topk_sparse_activation,2,fcbd00bf,PASSED,2.0074,0.1343,14.95
053_gaussian_topk_sparse_activation,3,a1ce3f4a,PASSED,1.3090,0.0689,19.00
053_gaussian_topk_sparse_activation,4,fe647339,PASSED,0.6231,0.0064,96.88
053_gaussian_topk_sparse_activation,5,eb88804d,PASSED,1.0405,0.0462,22.50
053_gaussian_topk_sparse_activation,6,084f1e52,PASSED,0.8086,0.0244,33.14
053_gaussian_topk_sparse_activation,7,75640ea8,PASSED,2.8159,0.2023,13.92
053_gaussian_topk_sparse_activation,8,75e273d1,PASSED,0.8269,0.0255,32.44
053_gaussian_topk_sparse_activation,9,21ae223a,PASSED,0.6683,0.0118,56.60
053_gaussian_topk_sparse_activation,10,82eb0e10,PASSED,8.9177,0.7064,12.62
053_gaussian_topk_sparse_activation,11,cfc707ec,PASSED,0.6131,0.0033,184.24
053_gaussian_topk_sparse_activation,12,30b3bded,PASSED,0.6510,0.0112,57.96
058_moe_expert_token_radix_sort_with_prefix_sum,1,e259b448,PASSED,0.2190,0.0127,17.28
058_moe_expert_token_radix_sort_with_prefix_sum,2,e8a84cca,PASSED,0.2386,0.0425,5.61
058_moe_expert_token_radix_sort_with_prefix_sum,3,582fdc96,PASSED,0.2162,0.0127,17.09
058_moe_expert_token_radix_sort_with_prefix_sum,4,ce1a545f,PASSED,0.2203,0.0209,10.53
058_moe_expert_token_radix_sort_with_prefix_sum,5,f761ce94,PASSED,0.2159,0.0127,17.04
058_moe_expert_token_radix_sort_with_prefix_sum,6,3baabec0,PASSED,0.2171,0.0127,17.13
058_moe_expert_token_radix_sort_with_prefix_sum,7,c84061fe,PASSED,0.2175,0.0146,14.94
058_moe_expert_token_radix_sort_with_prefix_sum,8,14ccf030,PASSED,0.2179,0.0145,15.03
058_moe_expert_token_radix_sort_with_prefix_sum,9,4998bf90,PASSED,0.2271,0.0146,15.60
058_moe_expert_token_radix_sort_with_prefix_sum,10,8fe645cb,PASSED,0.2304,0.0209,11.01
058_moe_expert_token_radix_sort_with_prefix_sum,11,368e546c,PASSED,0.2049,0.0145,14.16
058_moe_expert_token_radix_sort_with_prefix_sum,12,bccc000a,PASSED,0.2029,0.0145,13.96
058_moe_expert_token_radix_sort_with_prefix_sum,13,13149551,PASSED,0.2015,0.0150,13.45
058_moe_expert_token_radix_sort_with_prefix_sum,14,af507a31,PASSED,0.2040,0.0209,9.76
058_moe_expert_token_radix_sort_with_prefix_sum,15,b1aeedac,PASSED,0.2035,0.0209,9.74
058_moe_expert_token_radix_sort_with_prefix_sum,16,2eb27620,PASSED,0.2000,0.0148,13.47
070_mamba2_fused_intra_chunk_diagonal_computation,1,46445623,PASSED,21.7328,0.1020,212.97
070_mamba2_fused_intra_chunk_diagonal_computation,2,b7d2ce3a,PASSED,6.0137,0.0279,215.52
070_mamba2_fused_intra_chunk_diagonal_computation,3,cfca350b,PASSED,3.0568,0.0200,152.60
070_mamba2_fused_intra_chunk_diagonal_computation,4,34c7ec75,PASSED,12.2255,0.0525,232.96
070_mamba2_fused_intra_chunk_diagonal_computation,5,cccd1cb3,PASSED,3.1142,0.0218,142.69
070_mamba2_fused_intra_chunk_diagonal_computation,6,336c7221,PASSED,1.6502,0.0207,79.83
070_mamba2_fused_intra_chunk_diagonal_computation,7,019db6f8,PASSED,2.3028,0.0207,111.23
070_mamba2_fused_intra_chunk_diagonal_computation,8,213a8256,PASSED,12.2262,0.0521,234.83
070_mamba2_fused_intra_chunk_diagonal_computation,9,d947725d,PASSED,3.0757,0.0217,141.55
070_mamba2_fused_intra_chunk_diagonal_computation,10,b16ebbcb,PASSED,51.4826,0.1979,260.16
070_mamba2_fused_intra_chunk_diagonal_computation,11,405de7ad,PASSED,25.2075,0.1021,246.94
070_mamba2_fused_intra_chunk_diagonal_computation,12,77a66754,PASSED,25.3168,0.1005,251.96
070_mamba2_fused_intra_chunk_diagonal_computation,13,6c45c19e,PASSED,12.4238,0.0555,224.03
070_mamba2_fused_intra_chunk_diagonal_computation,14,314bcaf9,PASSED,6.1475,0.0285,215.85
030_flux_concatenated_sequence_processing_with_split,1,9de8abcb,PASSED,0.3920,0.3302,1.19
030_flux_concatenated_sequence_processing_with_split,2,5c686654,PASSED,0.4094,0.3308,1.24
030_flux_concatenated_sequence_processing_with_split,3,dda2cd74,PASSED,0.4497,0.3763,1.19
030_flux_concatenated_sequence_processing_with_split,4,2c9cc79c,PASSED,0.2178,0.1716,1.27
030_flux_concatenated_sequence_processing_with_split,5,e92f1fac,PASSED,2.0706,1.2689,1.63
030_flux_concatenated_sequence_processing_with_split,6,978c252a,PASSED,1.3049,0.8078,1.62
030_flux_concatenated_sequence_processing_with_split,7,a9d58452,PASSED,0.6056,0.3695,1.64
030_flux_concatenated_sequence_processing_with_split,8,659c4d3b,PASSED,2.7329,1.4632,1.87
030_flux_concatenated_sequence_processing_with_split,9,e6aab32c,PASSED,2.7130,1.4998,1.81
030_flux_concatenated_sequence_processing_with_split,10,e0782f0c,PASSED,3.3163,1.9424,1.71
030_flux_concatenated_sequence_processing_with_split,11,71d670d9,PASSED,13.0725,8.7379,1.50
030_flux_concatenated_sequence_processing_with_split,12,bf56c2b5,PASSED,1.9648,0.9707,2.02
030_flux_concatenated_sequence_processing_with_split,13,7ae93ff7,PASSED,3.2996,1.9128,1.73
030_flux_concatenated_sequence_processing_with_split,14,d234a6e4,PASSED,1.2634,0.7546,1.67
030_flux_concatenated_sequence_processing_with_split,15,62f6139b,PASSED,1.3841,0.7975,1.74
030_flux_concatenated_sequence_processing_with_split,16,7a91d659,PASSED,0.8518,0.5370,1.59
040_altup_predict_correction_cycle_backward,1,e9c4303d,PASSED,15.5885,2.1325,7.31
040_altup_predict_correction_cycle_backward,2,ae0bb3db,PASSED,1.3459,0.1482,9.08
040_altup_predict_correction_cycle_backward,3,04873afa,PASSED,1.3945,0.1790,7.79
040_altup_predict_correction_cycle_backward,4,5080d4ce,PASSED,1.3151,0.0949,13.85
040_altup_predict_correction_cycle_backward,5,a6c812e5,PASSED,3.0031,0.4091,7.34
040_altup_predict_correction_cycle_backward,6,55c60666,PASSED,1.3897,0.0995,13.97
040_altup_predict_correction_cycle_backward,7,f2508211,PASSED,1.3413,0.1472,9.11
040_altup_predict_correction_cycle_backward,8,718c12d5,PASSED,2.1166,0.2833,7.47
040_altup_predict_correction_cycle_backward,9,66b9a3e2,PASSED,7.9149,1.0582,7.48
040_altup_predict_correction_cycle_backward,10,0916b372,PASSED,4.0613,0.5139,7.90
040_altup_predict_correction_cycle_backward,11,978eb29a,PASSED,4.0596,0.5149,7.88
040_altup_predict_correction_cycle_backward,12,00fec07f,PASSED,4.0672,0.5157,7.89
040_altup_predict_correction_cycle_backward,13,fcd64c92,PASSED,37.7011,5.1459,7.33
040_altup_predict_correction_cycle_backward,14,6565986f,PASSED,7.0603,0.9421,7.49
040_altup_predict_correction_cycle_backward,15,d4170c6e,PASSED,1.3457,0.1473,9.13
040_altup_predict_correction_cycle_backward,16,5834489e,PASSED,7.9594,1.0750,7.40
043_mamba_chunk_scan_with_segsum,1,6dc47920,PASSED,1.0147,0.3608,2.81
043_mamba_chunk_scan_with_segsum,2,d991fa5b,PASSED,1.1494,0.5644,2.04
043_mamba_chunk_scan_with_segsum,3,8b5183aa,PASSED,3.2152,1.0143,3.17
043_mamba_chunk_scan_with_segsum,4,ee5f8f4c,PASSED,0.8932,0.2523,3.54
043_mamba_chunk_scan_with_segsum,5,5fd24475,PASSED,1.5617,0.4100,3.81
043_mamba_chunk_scan_with_segsum,6,b1a54ea4,PASSED,3.6081,1.0713,3.37
043_mamba_chunk_scan_with_segsum,7,a85c5733,PASSED,0.9897,0.2661,3.72
043_mamba_chunk_scan_with_segsum,8,e46fbbbe,PASSED,1.0087,0.3594,2.81
043_mamba_chunk_scan_with_segsum,9,7314d24b,PASSED,3.1787,0.9997,3.18
043_mamba_chunk_scan_with_segsum,10,ac631b51,PASSED,1.6842,0.5046,3.34
043_mamba_chunk_scan_with_segsum,11,cc6cc950,PASSED,1.7568,0.5751,3.05
043_mamba_chunk_scan_with_segsum,12,d0a303ee,PASSED,3.1576,1.0734,2.94
043_mamba_chunk_scan_with_segsum,13,4bf2c843,PASSED,1.3944,0.3736,3.73
043_mamba_chunk_scan_with_segsum,14,12f5f749,PASSED,3.1493,1.0092,3.12
043_mamba_chunk_scan_with_segsum,15,61c84e38,PASSED,1.6194,0.4517,3.58
043_mamba_chunk_scan_with_segsum,16,2907639d,PASSED,1.7687,0.4978,3.55
049_group_limited_topk_routing,1,d6d0eb83,PASSED,0.2780,0.0456,6.09
049_group_limited_topk_routing,2,2d3ab9f3,PASSED,0.2739,0.0460,5.95
049_group_limited_topk_routing,3,557d6ebe,PASSED,0.4136,0.0543,7.62
049_group_limited_topk_routing,4,3c7e34f7,PASSED,0.4398,0.0580,7.58
049_group_limited_topk_routing,5,1d554a6c,PASSED,0.2753,0.0460,5.99
049_group_limited_topk_routing,6,255fc599,PASSED,0.2878,0.0466,6.18
049_group_limited_topk_routing,7,0fc8f5f9,PASSED,0.6584,0.0823,8.00
049_group_limited_topk_routing,8,56d76e98,PASSED,1.6385,0.2072,7.91
049_group_limited_topk_routing,9,120f9250,PASSED,0.5827,0.0468,12.46
049_group_limited_topk_routing,10,0b6c941f,PASSED,0.3671,0.0603,6.09
049_group_limited_topk_routing,11,0955cad9,PASSED,0.8527,0.1051,8.12
049_group_limited_topk_routing,12,52292135,PASSED,0.2868,0.0468,6.12
049_group_limited_topk_routing,13,469b2796,PASSED,0.2905,0.0437,6.65
049_group_limited_topk_routing,14,012f1aaf,PASSED,1.3717,0.1526,8.99
049_group_limited_topk_routing,15,dca55419,PASSED,0.3548,0.0468,7.59
049_group_limited_topk_routing,16,993dd417,PASSED,0.2935,0.0721,4.07
