task,candidate,axes,status,ref_ms,sol_ms,speedup,max_abs
dsa_sparse_attention_h16_ckv512_kpe64_topk2048_ps64,c002,"num_tokens=1, num_pages=8462",PASSED,2.159718382358551,0.12808192141354083,16.862,0.0078125
dsa_sparse_attention_h16_ckv512_kpe64_topk2048_ps64,c002,"num_tokens=2, num_pages=8462",PASSED,2.2881075143814087,0.12710912138223648,18.0011,0.0078125
dsa_sparse_attention_h16_ckv512_kpe64_topk2048_ps64,c002,"num_tokens=2, num_pages=8462",PASSED,2.278993880748749,0.12789760082960128,17.8189,0.0078125
dsa_sparse_attention_h16_ckv512_kpe64_topk2048_ps64,c002,"num_tokens=2, num_pages=8462",PASSED,2.288783326148987,0.1268531209975481,18.0428,0.015625
dsa_sparse_attention_h16_ckv512_kpe64_topk2048_ps64,c002,"num_tokens=2, num_pages=8462",PASSED,2.28989953994751,0.12858368158340455,17.8086,0.0078125
dsa_sparse_attention_h16_ckv512_kpe64_topk2048_ps64,c002,"num_tokens=2, num_pages=8462",PASSED,2.306744294166565,0.12750848092138767,18.0909,0.015625
dsa_sparse_attention_h16_ckv512_kpe64_topk2048_ps64,c002,"num_tokens=2, num_pages=8462",PASSED,2.2758297157287597,0.12729344062507153,17.8786,0.015625
dsa_sparse_attention_h16_ckv512_kpe64_topk2048_ps64,c002,"num_tokens=2, num_pages=8462",PASSED,2.287667214870453,0.12856320068240165,17.7941,0.015625
dsa_sparse_attention_h16_ckv512_kpe64_topk2048_ps64,c002,"num_tokens=2, num_pages=8462",PASSED,2.278993873596191,0.12696576051414013,17.9497,0.0078125
dsa_sparse_attention_h16_ckv512_kpe64_topk2048_ps64,c002,"num_tokens=8, num_pages=8462",PASSED,4.273541116714478,0.1281228806823492,33.355,0.015625
dsa_sparse_attention_h16_ckv512_kpe64_topk2048_ps64,c002,"num_tokens=8, num_pages=8462",PASSED,4.28390398979187,0.12795904122292995,33.4787,0.015625
dsa_sparse_attention_h16_ckv512_kpe64_topk2048_ps64,c002,"num_tokens=7, num_pages=8462",PASSED,3.947847671508789,0.1279795217514038,30.8475,0.015625
dsa_sparse_attention_h16_ckv512_kpe64_topk2048_ps64,c002,"num_tokens=8, num_pages=8462",PASSED,4.27409405708313,0.12845056131482124,33.2742,0.015625
dsa_sparse_attention_h16_ckv512_kpe64_topk2048_ps64,c002,"num_tokens=6, num_pages=8462",PASSED,3.607511057853699,0.12778496131300926,28.2311,0.015625
dsa_sparse_attention_h16_ckv512_kpe64_topk2048_ps64,c002,"num_tokens=8, num_pages=8462",PASSED,4.299100160598755,0.1279283209145069,33.6055,0.015625
dsa_sparse_attention_h16_ckv512_kpe64_topk2048_ps64,c002,"num_tokens=6, num_pages=8462",PASSED,3.598725106716156,0.1270784007012844,28.3189,0.015625
dsa_sparse_attention_h16_ckv512_kpe64_topk2048_ps64,c002,"num_tokens=8, num_pages=8462",PASSED,4.304353265762329,0.12792832180857658,33.6466,0.015625
dsa_sparse_attention_h16_ckv512_kpe64_topk2048_ps64,c002,"num_tokens=7, num_pages=8462",PASSED,3.9452262234687807,0.12786688148975373,30.8542,0.015625
dsa_sparse_attention_h16_ckv512_kpe64_topk2048_ps64,c002,"num_tokens=8, num_pages=8462",PASSED,4.259993591308594,0.12755968116223812,33.3961,0.015625
dsa_sparse_attention_h16_ckv512_kpe64_topk2048_ps64,c002,"num_tokens=8, num_pages=8462",PASSED,4.248135671615601,0.12667904086411,33.5346,0.015625
dsa_sparse_attention_h16_ckv512_kpe64_topk2048_ps64,c002,"num_tokens=8, num_pages=8462",PASSED,4.270848007202148,0.126822399944067,33.6758,0.015625
dsa_sparse_attention_h16_ckv512_kpe64_topk2048_ps64,c002,"num_tokens=6, num_pages=8462",PASSED,3.615825934410095,0.12616704002022744,28.659,0.0078125
dsa_sparse_attention_h16_ckv512_kpe64_topk2048_ps64,c002,"num_tokens=7, num_pages=8462",PASSED,3.9787315011024473,0.1283481615781784,30.9995,0.0078125
gdn_decode_qk4_v8_d128_k_last,c001,batch_size=1,PASSED,1.7762099170684815,0.06498303949832916,27.3334,5.960464477539063e-08
gdn_decode_qk4_v8_d128_k_last,c001,batch_size=1,PASSED,1.8006527960300445,0.06445055946707726,27.9385,2.384185791015625e-07
gdn_decode_qk4_v8_d128_k_last,c001,batch_size=1,PASSED,1.7754419195652007,0.06430719941854476,27.6088,2.2351741790771484e-08
gdn_decode_qk4_v8_d128_k_last,c001,batch_size=1,PASSED,1.7821696031093597,0.06366207920014859,27.9942,1.1920928955078125e-07
gdn_decode_qk4_v8_d128_k_last,c001,batch_size=1,PASSED,1.77568767786026,0.0636825592070818,27.8834,2.2351741790771484e-08
gdn_decode_qk4_v8_d128_k_last,c001,batch_size=1,PASSED,1.775738880634308,0.06362111918628216,27.9112,2.5331974029541016e-07
gdn_decode_qk4_v8_d128_k_last,c001,batch_size=1,PASSED,1.8050559997558593,0.06429695941507817,28.0737,1.1920928955078125e-07
gdn_decode_qk4_v8_d128_k_last,c001,batch_size=1,PASSED,1.7937612807750702,0.0640307193249464,28.0141,2.384185791015625e-07
gdn_decode_qk4_v8_d128_k_last,c001,batch_size=1,PASSED,1.7782988834381104,0.06406143933534622,27.7593,2.384185791015625e-07
gdn_decode_qk4_v8_d128_k_last,c001,batch_size=1,PASSED,1.7799475145339967,0.06402047932147979,27.8028,5.960464477539063e-08
gdn_decode_qk4_v8_d128_k_last,c001,batch_size=4,PASSED,6.351994876861572,0.06441983945667744,98.6031,2.384185791015625e-07
gdn_decode_qk4_v8_d128_k_last,c001,batch_size=4,PASSED,6.246205458641052,0.06371327921748161,98.0362,3.725290298461914e-08
gdn_decode_qk4_v8_d128_k_last,c001,batch_size=4,PASSED,6.245621752738953,0.06414335936307908,97.3697,2.384185791015625e-07
gdn_decode_qk4_v8_d128_k_last,c001,batch_size=4,PASSED,6.26482177734375,0.06365183919668198,98.4233,7.450580596923828e-08
gdn_decode_qk4_v8_d128_k_last,c001,batch_size=4,PASSED,6.247311372756958,0.06411263935267925,97.4427,1.6391277313232422e-07
gdn_decode_qk4_v8_d128_k_last,c001,batch_size=4,PASSED,6.225285134315491,0.06344703912734985,98.1178,2.086162567138672e-07
gdn_decode_qk4_v8_d128_k_last,c001,batch_size=4,PASSED,6.2376243019104,0.0636927992105484,97.933,8.940696716308594e-08
gdn_decode_qk4_v8_d128_k_last,c001,batch_size=4,PASSED,6.252543997764588,0.06558719918131828,95.3318,1.9073486328125e-06
gdn_decode_qk4_v8_d128_k_last,c001,batch_size=8,PASSED,12.844226531982422,0.06428671941161156,199.796,1.1920928955078125e-07
gdn_decode_qk4_v8_d128_k_last,c001,batch_size=8,PASSED,12.28751874923706,0.06512639962136746,188.6719,9.5367431640625e-07
gdn_decode_qk4_v8_d128_k_last,c001,batch_size=8,PASSED,12.212643833160401,0.06464511953294277,188.9183,5.960464477539063e-08
gdn_decode_qk4_v8_d128_k_last,c001,batch_size=8,PASSED,12.20797438621521,0.06458367951214314,189.0257,2.086162567138672e-07
gdn_decode_qk4_v8_d128_k_last,c001,batch_size=8,PASSED,12.239708166122437,0.06454271949827671,189.6373,8.940696716308594e-08
gdn_decode_qk4_v8_d128_k_last,c001,batch_size=8,PASSED,12.153620481491089,0.06462463952600955,188.0648,1.9073486328125e-06
gdn_decode_qk4_v8_d128_k_last,c001,batch_size=8,PASSED,12.68122621536255,0.06746112003922462,187.9783,2.086162567138672e-07
gdn_decode_qk4_v8_d128_k_last,c001,batch_size=16,PASSED,24.12708866119385,0.06461439952254296,373.4011,2.384185791015625e-07
gdn_decode_qk4_v8_d128_k_last,c001,batch_size=16,PASSED,24.068597736358644,0.06455295950174332,372.8504,6.103515625e-05
gdn_decode_qk4_v8_d128_k_last,c001,batch_size=16,PASSED,24.131379108428956,0.06449151948094368,374.1791,2.384185791015625e-07
gdn_decode_qk4_v8_d128_k_last,c001,batch_size=16,PASSED,24.031477794647216,0.06413311935961247,374.7124,2.5331974029541016e-07
gdn_decode_qk4_v8_d128_k_last,c001,batch_size=16,PASSED,24.00269313812256,0.06426623940467835,373.4884,1.043081283569336e-07
gdn_decode_qk4_v8_d128_k_last,c001,batch_size=16,PASSED,24.081203212738036,0.06451199948787689,373.2825,7.62939453125e-06
gdn_decode_qk4_v8_d128_k_last,c001,batch_size=16,PASSED,24.157859878540037,0.06389759927988052,378.0715,8.940696716308594e-08
gdn_decode_qk4_v8_d128_k_last,c001,batch_size=32,PASSED,48.08826904296875,0.06665216021239757,721.481,4.76837158203125e-07
gdn_decode_qk4_v8_d128_k_last,c001,batch_size=32,PASSED,47.72020217895508,0.06688768029212952,713.4378,4.76837158203125e-07
gdn_decode_qk4_v8_d128_k_last,c001,batch_size=32,PASSED,47.67361011505127,0.0668569602817297,713.0688,3.814697265625e-06
gdn_decode_qk4_v8_d128_k_last,c001,batch_size=32,PASSED,47.6220825958252,0.06744064040482044,706.1333,1.5497207641601562e-06
gdn_decode_qk4_v8_d128_k_last,c001,batch_size=32,PASSED,47.754168395996096,0.06662144020199776,716.7988,4.76837158203125e-07
gdn_decode_qk4_v8_d128_k_last,c001,batch_size=32,PASSED,47.761039352416994,0.06682624027132988,714.7049,2.682209014892578e-07
gdn_decode_qk4_v8_d128_k_last,c001,batch_size=32,PASSED,47.690260581970215,0.0662016000598669,720.3793,4.76837158203125e-07
gdn_decode_qk4_v8_d128_k_last,c001,batch_size=48,PASSED,71.31737113952637,0.07570432290434838,942.0515,1.9073486328125e-06
gdn_decode_qk4_v8_d128_k_last,c001,batch_size=48,PASSED,72.00248825073243,0.07821311809122562,920.5935,4.76837158203125e-07
gdn_decode_qk4_v8_d128_k_last,c001,batch_size=48,PASSED,72.62987228393554,0.07784447871148586,933.0125,9.5367431640625e-07
gdn_decode_qk4_v8_d128_k_last,c001,batch_size=48,PASSED,71.32358688354492,0.07840767756104469,909.6505,3.814697265625e-06
gdn_decode_qk4_v8_d128_k_last,c001,batch_size=48,PASSED,71.52462829589844,0.07819263800978661,914.7233,3.8743019104003906e-07
gdn_decode_qk4_v8_d128_k_last,c001,batch_size=48,PASSED,71.12585235595704,0.07786495909094811,913.4514,1.6689300537109375e-06
gdn_decode_qk4_v8_d128_k_last,c001,batch_size=48,PASSED,71.84499717712403,0.07839743718504906,916.4202,1.9073486328125e-06
gdn_decode_qk4_v8_d128_k_last,c001,batch_size=64,PASSED,94.69145065307617,0.0883712001144886,1071.5193,4.76837158203125e-07
gdn_decode_qk4_v8_d128_k_last,c001,batch_size=64,PASSED,94.61929969787597,0.08865792021155357,1067.2402,1.9073486328125e-06
gdn_decode_qk4_v8_d128_k_last,c001,batch_size=64,PASSED,94.61097480773925,0.08850432015955448,1068.9984,9.5367431640625e-07
gdn_decode_qk4_v8_d128_k_last,c001,batch_size=64,PASSED,94.65744400024414,0.08884224027395249,1065.4554,9.5367431640625e-07
gdn_decode_qk4_v8_d128_k_last,c001,batch_size=64,PASSED,94.65996284484864,0.08882176026701927,1065.7294,4.172325134277344e-07
gdn_decode_qk4_v8_d128_k_last,c001,batch_size=64,PASSED,94.48388618469238,0.08840192012488841,1068.799,5.960464477539062e-07
gdn_decode_qk4_v8_d128_k_last,c001,batch_size=64,PASSED,94.22570510864257,0.08823808006942273,1067.8576,3.814697265625e-06
gdn_decode_qk4_v8_d128_k_last,c001,batch_size=64,PASSED,93.97166076660156,0.08845312014222145,1062.3894,3.0517578125e-05
gdn_prefill_qk4_v8_d128_k_last,c002,"total_seq_len=6, num_seqs=1, len_cu_seqlens=2",PASSED,2.0305817520618437,0.07476224191486835,27.1605,1.6391277313232422e-07
gdn_prefill_qk4_v8_d128_k_last,c002,"total_seq_len=134, num_seqs=1, len_cu_seqlens=2",PASSED,38.698311729431154,0.2900479969382286,133.4204,7.62939453125e-06
gdn_prefill_qk4_v8_d128_k_last,c002,"total_seq_len=134, num_seqs=1, len_cu_seqlens=2",PASSED,37.91602691650391,0.2883993563055992,131.4706,7.62939453125e-06
gdn_prefill_qk4_v8_d128_k_last,c002,"total_seq_len=8192, num_seqs=32, len_cu_seqlens=33",PASSED,2270.1946118164065,4.846295027732849,468.4392,0.0001220703125
gdn_prefill_qk4_v8_d128_k_last,c002,"total_seq_len=8192, num_seqs=34, len_cu_seqlens=35",PASSED,2277.260703125,6.615040011405945,344.255,1.52587890625e-05
gdn_prefill_qk4_v8_d128_k_last,c002,"total_seq_len=8192, num_seqs=34, len_cu_seqlens=35",PASSED,2302.9165234375,6.603581414222718,348.7375,6.461143493652344e-05
gdn_prefill_qk4_v8_d128_k_last,c002,"total_seq_len=4124, num_seqs=15, len_cu_seqlens=16",PASSED,1155.6468090820313,1.925242884159088,600.2603,6.103515625e-05
gdn_prefill_qk4_v8_d128_k_last,c002,"total_seq_len=8192, num_seqs=32, len_cu_seqlens=33",PASSED,2259.5219116210938,6.535966725349426,345.7058,1.52587890625e-05
gdn_prefill_qk4_v8_d128_k_last,c002,"total_seq_len=8192, num_seqs=25, len_cu_seqlens=26",PASSED,2294.1887451171874,6.084669461250305,377.0441,0.0001220703125
gdn_prefill_qk4_v8_d128_k_last,c002,"total_seq_len=8192, num_seqs=48, len_cu_seqlens=49",PASSED,2295.698505859375,4.679813122749328,490.5535,0.0001220703125
gdn_prefill_qk4_v8_d128_k_last,c002,"total_seq_len=8192, num_seqs=38, len_cu_seqlens=39",PASSED,2296.4571630859373,4.354447371959687,527.382,0.0001220703125
gdn_prefill_qk4_v8_d128_k_last,c002,"total_seq_len=8192, num_seqs=38, len_cu_seqlens=39",PASSED,2286.7712939453127,4.394885134696961,520.3256,6.103515625e-05
gdn_prefill_qk4_v8_d128_k_last,c002,"total_seq_len=8192, num_seqs=20, len_cu_seqlens=21",PASSED,2283.8964501953124,6.38588927268982,357.6474,6.103515625e-05
gdn_prefill_qk4_v8_d128_k_last,c002,"total_seq_len=8192, num_seqs=56, len_cu_seqlens=57",PASSED,2291.5823022460936,3.1661567950248717,723.7741,3.0517578125e-05
gdn_prefill_qk4_v8_d128_k_last,c002,"total_seq_len=8192, num_seqs=37, len_cu_seqlens=38",PASSED,2269.99498046875,5.97506049156189,379.9116,0.0001220703125
gdn_prefill_qk4_v8_d128_k_last,c002,"total_seq_len=8192, num_seqs=35, len_cu_seqlens=36",PASSED,2273.86892578125,4.791603207588196,474.5528,0.0001220703125
gdn_prefill_qk4_v8_d128_k_last,c002,"total_seq_len=8192, num_seqs=43, len_cu_seqlens=44",PASSED,2278.1899926757815,5.727201285362244,397.7842,1.52587890625e-05
gdn_prefill_qk4_v8_d128_k_last,c002,"total_seq_len=8192, num_seqs=43, len_cu_seqlens=44",PASSED,2270.7487670898436,5.6636620712280275,400.933,6.103515625e-05
gdn_prefill_qk4_v8_d128_k_last,c002,"total_seq_len=8192, num_seqs=57, len_cu_seqlens=58",PASSED,2275.5718115234376,4.208988163471222,540.6458,6.103515625e-05
gdn_prefill_qk4_v8_d128_k_last,c002,"total_seq_len=8192, num_seqs=39, len_cu_seqlens=40",PASSED,2272.3475903320314,4.745994238853455,478.7927,1.52587890625e-05
gdn_prefill_qk4_v8_d128_k_last,c002,"total_seq_len=3999, num_seqs=13, len_cu_seqlens=14",PASSED,1105.7563171386719,5.44054271697998,203.2438,0.0001220703125
gdn_prefill_qk4_v8_d128_k_last,c002,"total_seq_len=32, num_seqs=2, len_cu_seqlens=3",PASSED,9.20630274772644,0.08443903878331184,109.029,4.917383193969727e-07
gdn_prefill_qk4_v8_d128_k_last,c002,"total_seq_len=16, num_seqs=1, len_cu_seqlens=2",PASSED,4.739031038284302,0.08111103765666484,58.4265,1.1920928955078125e-07
gdn_prefill_qk4_v8_d128_k_last,c002,"total_seq_len=16, num_seqs=1, len_cu_seqlens=2",PASSED,4.743526382446289,0.08686591960489749,54.6075,7.152557373046875e-07
gdn_prefill_qk4_v8_d128_k_last,c002,"total_seq_len=40, num_seqs=2, len_cu_seqlens=3",PASSED,11.476398067474365,0.10012671701610089,114.6187,9.5367431640625e-07
gdn_prefill_qk4_v8_d128_k_last,c002,"total_seq_len=49, num_seqs=1, len_cu_seqlens=2",PASSED,13.96442108154297,0.14416896030306817,96.8615,1.9073486328125e-06
gdn_prefill_qk4_v8_d128_k_last,c002,"total_seq_len=1377, num_seqs=1, len_cu_seqlens=2",PASSED,383.6672512817383,2.180505588054657,175.9533,0.0001220703125
gdn_prefill_qk4_v8_d128_k_last,c002,"total_seq_len=3271, num_seqs=2, len_cu_seqlens=3",PASSED,903.9246948242187,4.475658249855042,201.9646,6.103515625e-05
gdn_prefill_qk4_v8_d128_k_last,c002,"total_seq_len=983, num_seqs=2, len_cu_seqlens=3",PASSED,272.0549786376953,1.6289587235450744,167.0116,1.52587890625e-05
gdn_prefill_qk4_v8_d128_k_last,c002,"total_seq_len=983, num_seqs=2, len_cu_seqlens=3",PASSED,272.02839721679686,1.4721945607662201,184.7775,6.103515625e-05
gdn_prefill_qk4_v8_d128_k_last,c002,"total_seq_len=46, num_seqs=2, len_cu_seqlens=3",PASSED,13.223864316940308,0.09879552088677883,133.8508,4.76837158203125e-07
gdn_prefill_qk4_v8_d128_k_last,c002,"total_seq_len=202, num_seqs=3, len_cu_seqlens=4",PASSED,56.436193313598636,0.2247679975628853,251.0864,1.9073486328125e-06
gdn_prefill_qk4_v8_d128_k_last,c002,"total_seq_len=239, num_seqs=3, len_cu_seqlens=4",PASSED,67.06903038024902,0.24518655747175216,273.5429,1.52587890625e-05
gdn_prefill_qk4_v8_d128_k_last,c002,"total_seq_len=294, num_seqs=3, len_cu_seqlens=4",PASSED,82.0311962890625,0.4380671989917755,187.2571,3.814697265625e-06
gdn_prefill_qk4_v8_d128_k_last,c002,"total_seq_len=91, num_seqs=2, len_cu_seqlens=3",PASSED,25.545758743286132,0.18493440002202988,138.1342,9.5367431640625e-07
gdn_prefill_qk4_v8_d128_k_last,c002,"total_seq_len=91, num_seqs=2, len_cu_seqlens=3",PASSED,25.82940673828125,0.18528255969285964,139.4055,3.814697265625e-06
gdn_prefill_qk4_v8_d128_k_last,c002,"total_seq_len=132, num_seqs=2, len_cu_seqlens=3",PASSED,36.99559421539307,0.179998716711998,205.5325,3.814697265625e-06
gdn_prefill_qk4_v8_d128_k_last,c002,"total_seq_len=341, num_seqs=2, len_cu_seqlens=3",PASSED,95.20878578186036,0.5886054474115372,161.7532,3.814697265625e-06
gdn_prefill_qk4_v8_d128_k_last,c002,"total_seq_len=2107, num_seqs=1, len_cu_seqlens=2",PASSED,582.6289569091797,3.2044952940940856,181.8161,0.0001220703125
gdn_prefill_qk4_v8_d128_k_last,c002,"total_seq_len=1592, num_seqs=3, len_cu_seqlens=4",PASSED,442.1583251953125,1.9306700837612152,229.0181,0.0001220703125
gdn_prefill_qk4_v8_d128_k_last,c002,"total_seq_len=139, num_seqs=3, len_cu_seqlens=4",PASSED,39.01828094482422,0.2223923173546791,175.448,9.5367431640625e-07
gdn_prefill_qk4_v8_d128_k_last,c002,"total_seq_len=139, num_seqs=3, len_cu_seqlens=4",PASSED,39.048847427368166,0.22344703763723373,174.7566,3.814697265625e-06
gdn_prefill_qk4_v8_d128_k_last,c002,"total_seq_len=116, num_seqs=1, len_cu_seqlens=2",PASSED,32.45302791595459,0.25873408049345015,125.43,1.9073486328125e-06
gdn_prefill_qk4_v8_d128_k_last,c002,"total_seq_len=185, num_seqs=2, len_cu_seqlens=3",PASSED,51.88759548187256,0.32670720517635343,158.8199,4.76837158203125e-07
gdn_prefill_qk4_v8_d128_k_last,c002,"total_seq_len=81, num_seqs=2, len_cu_seqlens=3",PASSED,22.855137310028077,0.15453184232115746,147.8992,9.5367431640625e-07
gdn_prefill_qk4_v8_d128_k_last,c002,"total_seq_len=82, num_seqs=3, len_cu_seqlens=4",PASSED,23.413432331085204,0.11556864157319069,202.5933,1.9073486328125e-06
gdn_prefill_qk4_v8_d128_k_last,c002,"total_seq_len=1800, num_seqs=3, len_cu_seqlens=4",PASSED,501.25603729248047,2.3011635184288024,217.8272,3.0517578125e-05
gdn_prefill_qk4_v8_d128_k_last,c002,"total_seq_len=1800, num_seqs=3, len_cu_seqlens=4",PASSED,500.58030303955076,2.43190788269043,205.8385,6.103515625e-05
gdn_prefill_qk4_v8_d128_k_last,c002,"total_seq_len=35, num_seqs=2, len_cu_seqlens=3",PASSED,10.15297022819519,0.08695807963609696,116.7571,1.1920928955078125e-07
gdn_prefill_qk4_v8_d128_k_last,c002,"total_seq_len=3028, num_seqs=5, len_cu_seqlens=6",PASSED,843.273759765625,4.8951398420333865,172.2676,7.62939453125e-06
gdn_prefill_qk4_v8_d128_k_last,c002,"total_seq_len=61, num_seqs=1, len_cu_seqlens=2",PASSED,17.24247039794922,0.14371839940547942,119.974,9.5367431640625e-07
gdn_prefill_qk4_v8_d128_k_last,c002,"total_seq_len=16, num_seqs=1, len_cu_seqlens=2",PASSED,4.787548170089722,0.08631295941770077,55.4673,7.301568984985352e-07
gdn_prefill_qk4_v8_d128_k_last,c002,"total_seq_len=35, num_seqs=1, len_cu_seqlens=2",PASSED,10.143744020462035,0.12072960250079631,84.0204,4.76837158203125e-07
gdn_prefill_qk4_v8_d128_k_last,c002,"total_seq_len=35, num_seqs=1, len_cu_seqlens=2",PASSED,10.160465898513793,0.12055552266538143,84.2804,7.152557373046875e-07
gdn_prefill_qk4_v8_d128_k_last,c002,"total_seq_len=461, num_seqs=2, len_cu_seqlens=3",PASSED,128.39027725219728,0.8192819112539291,156.7107,6.103515625e-05
gdn_prefill_qk4_v8_d128_k_last,c002,"total_seq_len=832, num_seqs=4, len_cu_seqlens=5",PASSED,232.23780319213867,1.1602431917190552,200.163,3.814697265625e-06
gdn_prefill_qk4_v8_d128_k_last,c002,"total_seq_len=2857, num_seqs=3, len_cu_seqlens=4",PASSED,792.2573211669921,2.6732339096069335,296.3666,0.0001220703125
gdn_prefill_qk4_v8_d128_k_last,c002,"total_seq_len=30, num_seqs=1, len_cu_seqlens=2",PASSED,8.617349100112914,0.10014719687402249,86.0468,1.9073486328125e-06
gdn_prefill_qk4_v8_d128_k_last,c002,"total_seq_len=114, num_seqs=2, len_cu_seqlens=3",PASSED,31.848468379974364,0.17577984184026718,181.1838,3.814697265625e-06
gdn_prefill_qk4_v8_d128_k_last,c002,"total_seq_len=114, num_seqs=2, len_cu_seqlens=3",PASSED,31.937054882049562,0.17663999915122985,180.8031,7.62939453125e-06
gdn_prefill_qk4_v8_d128_k_last,c002,"total_seq_len=35, num_seqs=2, len_cu_seqlens=3",PASSED,10.193438720703124,0.09126912109553814,111.6855,4.76837158203125e-07
gdn_prefill_qk4_v8_d128_k_last,c002,"total_seq_len=31, num_seqs=1, len_cu_seqlens=2",PASSED,8.958126077651977,0.11257856078445912,79.5722,4.470348358154297e-08
gdn_prefill_qk4_v8_d128_k_last,c002,"total_seq_len=255, num_seqs=3, len_cu_seqlens=4",PASSED,70.59326972961426,0.40876032382249833,172.7009,3.0517578125e-05
gdn_prefill_qk4_v8_d128_k_last,c002,"total_seq_len=24, num_seqs=1, len_cu_seqlens=2",PASSED,6.915440659523011,0.09326592154800892,74.1476,9.5367431640625e-07
gdn_prefill_qk4_v8_d128_k_last,c002,"total_seq_len=97, num_seqs=1, len_cu_seqlens=2",PASSED,27.1847013092041,0.22480895817279817,120.9236,1.9073486328125e-06
gdn_prefill_qk4_v8_d128_k_last,c002,"total_seq_len=97, num_seqs=1, len_cu_seqlens=2",PASSED,27.036559371948243,0.22561791822314262,119.8334,1.52587890625e-05
gdn_prefill_qk4_v8_d128_k_last,c002,"total_seq_len=574, num_seqs=2, len_cu_seqlens=3",PASSED,159.27858169555665,0.8410624033212661,189.3778,7.62939453125e-06
gdn_prefill_qk4_v8_d128_k_last,c002,"total_seq_len=92, num_seqs=1, len_cu_seqlens=2",PASSED,25.699481658935547,0.21749760180711747,118.1598,3.814697265625e-06
gdn_prefill_qk4_v8_d128_k_last,c002,"total_seq_len=85, num_seqs=2, len_cu_seqlens=3",PASSED,23.95473917007446,0.18435071930289268,129.9411,3.814697265625e-06
gdn_prefill_qk4_v8_d128_k_last,c002,"total_seq_len=79, num_seqs=1, len_cu_seqlens=2",PASSED,22.3345357131958,0.19457024201750756,114.7891,3.814697265625e-06
gdn_prefill_qk4_v8_d128_k_last,c002,"total_seq_len=30, num_seqs=1, len_cu_seqlens=2",PASSED,8.636631059646607,0.11219968065619469,76.9755,1.9073486328125e-06
gdn_prefill_qk4_v8_d128_k_last,c002,"total_seq_len=30, num_seqs=1, len_cu_seqlens=2",PASSED,8.660674562454224,0.11110400035977364,77.9511,1.9073486328125e-06
gdn_prefill_qk4_v8_d128_k_last,c002,"total_seq_len=401, num_seqs=4, len_cu_seqlens=5",PASSED,112.04205589294433,0.5482188773155212,204.3747,7.62939453125e-06
gdn_prefill_qk4_v8_d128_k_last,c002,"total_seq_len=12, num_seqs=1, len_cu_seqlens=2",PASSED,3.6815155291557313,0.07584768280386925,48.5383,4.470348358154297e-08
gdn_prefill_qk4_v8_d128_k_last,c002,"total_seq_len=18, num_seqs=1, len_cu_seqlens=2",PASSED,5.449082894325256,0.0845311988145113,64.4624,2.2351741790771484e-07
gdn_prefill_qk4_v8_d128_k_last,c002,"total_seq_len=1796, num_seqs=3, len_cu_seqlens=4",PASSED,496.60578857421876,1.9793305456638337,250.8958,6.103515625e-05
gdn_prefill_qk4_v8_d128_k_last,c002,"total_seq_len=973, num_seqs=3, len_cu_seqlens=4",PASSED,270.1821139526367,1.5781273865699768,171.2042,1.52587890625e-05
gdn_prefill_qk4_v8_d128_k_last,c002,"total_seq_len=973, num_seqs=3, len_cu_seqlens=4",PASSED,270.199072265625,1.616138255596161,167.1881,6.103515625e-05
gdn_prefill_qk4_v8_d128_k_last,c002,"total_seq_len=248, num_seqs=2, len_cu_seqlens=3",PASSED,68.78395347595215,0.44986367881298067,152.8995,3.814697265625e-06
gdn_prefill_qk4_v8_d128_k_last,c002,"total_seq_len=2040, num_seqs=2, len_cu_seqlens=3",PASSED,562.2679431152344,3.124961247444153,179.928,1.52587890625e-05
gdn_prefill_qk4_v8_d128_k_last,c002,"total_seq_len=48, num_seqs=1, len_cu_seqlens=2",PASSED,13.651783695220947,0.12535807974636554,108.9023,1.043081283569336e-06
gdn_prefill_qk4_v8_d128_k_last,c002,"total_seq_len=118, num_seqs=2, len_cu_seqlens=3",PASSED,32.82805751800537,0.17978367760777472,182.5975,3.814697265625e-06
gdn_prefill_qk4_v8_d128_k_last,c002,"total_seq_len=76, num_seqs=2, len_cu_seqlens=3",PASSED,21.36791046142578,0.1601535978913307,133.4214,1.1920928955078125e-07
gdn_prefill_qk4_v8_d128_k_last,c002,"total_seq_len=76, num_seqs=2, len_cu_seqlens=3",PASSED,21.412188167572022,0.1613721589744091,132.6882,3.814697265625e-06
gdn_prefill_qk4_v8_d128_k_last,c002,"total_seq_len=67, num_seqs=1, len_cu_seqlens=2",PASSED,18.81575428009033,0.17477632224559783,107.6562,4.76837158203125e-07
gdn_prefill_qk4_v8_d128_k_last,c002,"total_seq_len=68, num_seqs=1, len_cu_seqlens=2",PASSED,19.18854148864746,0.17565696209669113,109.2387,4.76837158203125e-07
gdn_prefill_qk4_v8_d128_k_last,c002,"total_seq_len=13, num_seqs=1, len_cu_seqlens=2",PASSED,3.9413759875297547,0.0823705580830574,47.8493,7.450580596923828e-07
gdn_prefill_qk4_v8_d128_k_last,c002,"total_seq_len=525, num_seqs=1, len_cu_seqlens=2",PASSED,145.80494323730468,0.9141964846849442,159.4897,3.0517578125e-05
gdn_prefill_qk4_v8_d128_k_last,c002,"total_seq_len=49, num_seqs=1, len_cu_seqlens=2",PASSED,13.801728067398072,0.12622848242521287,109.3393,3.814697265625e-06
gdn_prefill_qk4_v8_d128_k_last,c002,"total_seq_len=49, num_seqs=1, len_cu_seqlens=2",PASSED,13.863956451416016,0.14359552145004273,96.5487,1.5497207641601562e-06
gdn_prefill_qk4_v8_d128_k_last,c002,"total_seq_len=5709, num_seqs=2, len_cu_seqlens=3",PASSED,1590.654952392578,10.470952997207641,151.9112,6.103515625e-05
gdn_prefill_qk4_v8_d128_k_last,c002,"total_seq_len=14, num_seqs=1, len_cu_seqlens=2",PASSED,4.229468154907226,0.07873535722494125,53.7175,9.5367431640625e-07
gdn_prefill_qk4_v8_d128_k_last,c002,"total_seq_len=661, num_seqs=3, len_cu_seqlens=4",PASSED,185.2604815673828,0.7665663945674897,241.6757,6.103515625e-05
gdn_prefill_qk4_v8_d128_k_last,c002,"total_seq_len=76, num_seqs=2, len_cu_seqlens=3",PASSED,21.587240982055665,0.16275455862283705,132.6368,3.814697265625e-06
gdn_prefill_qk4_v8_d128_k_last,c002,"total_seq_len=959, num_seqs=4, len_cu_seqlens=5",PASSED,267.956767578125,1.5623986899852753,171.5035,1.52587890625e-05
gdn_prefill_qk4_v8_d128_k_last,c002,"total_seq_len=959, num_seqs=4, len_cu_seqlens=5",PASSED,267.0196826171875,1.6415539014339446,162.6628,6.103515625e-05
gdn_prefill_qk4_v8_d128_k_last,c002,"total_seq_len=28, num_seqs=2, len_cu_seqlens=3",PASSED,8.251013078689574,0.07866367727518081,104.8897,2.384185791015625e-07
gdn_prefill_qk4_v8_d128_k_last,c002,"total_seq_len=42, num_seqs=2, len_cu_seqlens=3",PASSED,12.21974012374878,0.10762239910662175,113.5427,4.470348358154297e-08
gdn_prefill_qk4_v8_d128_k_last,c002,"total_seq_len=2284, num_seqs=3, len_cu_seqlens=4",PASSED,636.7489282226562,3.3695641589164733,188.9707,0.0001220703125
gdn_prefill_qk4_v8_d128_k_last,c002,"total_seq_len=23, num_seqs=1, len_cu_seqlens=2",PASSED,7.24482048034668,0.09830400072038174,73.6981,4.6193599700927734e-07
gemm_n4096_k4096,c007,M=256,PASSED,0.07079936131834984,0.11433984115719795,0.6192,0.25
gemm_n4096_k4096,c007,M=248,PASSED,0.07001088134944439,0.7038054272532464,0.0995,0.25
gemm_n4096_k4096,c007,M=240,PASSED,0.06965248122811317,0.11275264091789722,0.6177,0.25
gemm_n4096_k4096,c007,M=232,PASSED,0.06964224115014077,0.11284480094909669,0.6172,0.25
gemm_n4096_k4096,c007,M=224,PASSED,0.06990848116576671,0.11326464109122752,0.6172,0.25
gemm_n4096_k4096,c007,M=216,PASSED,0.08200191795825958,0.11394048132002353,0.7197,0.0
gemm_n4096_k4096,c007,M=208,PASSED,0.0826879981905222,0.11452416151762009,0.722,0.0
gemm_n4096_k4096,c007,M=200,PASSED,0.08136703774333,0.1142169613391161,0.7124,0.0
gemm_n4096_k4096,c007,M=192,PASSED,0.05676032055169344,0.09236480131745338,0.6145,0.0
gemm_n4096_k4096,c007,M=184,PASSED,0.0572211205586791,0.09718784108757973,0.5888,0.0
gemm_n4096_k4096,c007,M=176,PASSED,0.05531648002564907,0.09021440073847771,0.6132,0.0
gemm_n4096_k4096,c007,M=168,PASSED,0.05581824023276567,0.09075712069869041,0.615,0.0
gemm_n4096_k4096,c007,M=160,PASSED,0.055336960069835184,0.09084928095340729,0.6091,0.0
gemm_n4096_k4096,c007,M=152,PASSED,0.054384639747440816,0.08997888065874576,0.6044,0.0
gemm_n4096_k4096,c007,M=144,PASSED,0.054773759916424754,0.09007104061543941,0.6081,0.0
gemm_n4096_k4096,c007,M=136,PASSED,0.0540262396633625,0.0903680007904768,0.5978,0.0
gemm_n4096_k4096,c007,M=128,PASSED,0.050554878823459146,0.08993792064487934,0.5621,0.0
gemm_n4096_k4096,c007,M=120,PASSED,0.050319359116256235,0.0897024005651474,0.561,0.0
gemm_n4096_k4096,c007,M=112,PASSED,0.05062655884772539,0.09050112076103688,0.5594,0.0
gemm_n4096_k4096,c007,M=104,PASSED,0.049930240176618096,0.0898764806240797,0.5555,0.0
gemm_n4096_k4096,c007,M=96,PASSED,0.05052415892481804,0.08697855964303017,0.5809,0.0
gemm_n4096_k4096,c007,M=88,PASSED,0.060098561309278015,0.0846847988665104,0.7097,0.0
gemm_n4096_k4096,c007,M=80,PASSED,0.052193279042840005,0.0855347191542387,0.6102,0.0
gemm_n4096_k4096,c007,M=72,PASSED,0.05213183898478747,0.08667135953903199,0.6015,0.0
gemm_n4096_k4096,c007,M=64,PASSED,0.04441088002175093,0.08226815804839134,0.5398,0.125
gemm_n4096_k4096,c007,M=56,PASSED,0.045199360363185406,0.08412159867584705,0.5373,0.0
gemm_n4096_k4096,c007,M=48,PASSED,0.044595200158655646,0.08178687788546085,0.5453,0.125
gemm_n4096_k4096,c007,M=40,PASSED,0.04560896050184965,0.08267775818705558,0.5516,0.125
gemm_n4096_k4096,c007,M=32,PASSED,0.045445120446383956,0.07663616254925727,0.593,0.125
gemm_n4096_k4096,c007,M=24,PASSED,0.04461568020284176,0.07666688248515129,0.5819,0.125
gemm_n4096_k4096,c007,M=16,PASSED,0.04378623992204666,0.07352320238947868,0.5955,0.125
gemm_n4096_k4096,c007,M=8,PASSED,0.043489279821515084,0.07299072235822678,0.5958,0.125
gemm_n4096_k4096,c007,M=4,PASSED,0.043335679732263085,0.07319552220404148,0.5921,0.125
gemm_n4096_k4096,c007,M=2,PASSED,0.043161599710583684,0.07341056250035763,0.5879,0.125
gemm_n4096_k4096,c007,M=1,PASSED,0.04260863948613405,0.07326720230281353,0.5816,0.0625
gemm_n4096_k4096,c007,M=7,PASSED,0.04342783980071545,0.07392256259918213,0.5875,0.125
gemm_n4096_k4096,c007,M=35,PASSED,0.0458444806188345,0.08118271768093109,0.5647,0.125
gemm_n4096_k4096,c007,M=972,PASSED,0.2224844762682915,0.23834624245762825,0.9335,0.0
gemm_n4096_k4096,c007,M=70,PASSED,0.05172223888337612,0.08624127939343453,0.5997,0.0
gemm_n4096_k4096,c007,M=2053,PASSED,0.321187841296196,0.39795711666345596,0.8071,0.25
gemm_n4096_k4096,c007,M=8192,PASSED,1.1551743960380554,1.307146258354187,0.8837,0.25
gemm_n4096_k4096,c007,M=2379,PASSED,0.32625664651393893,0.42698752105236054,0.7641,0.0
gemm_n4096_k4096,c007,M=15,PASSED,0.04383743986487389,0.07431168258190154,0.5899,0.125
gqa_paged_decode_h32_kv8_d128_ps1,c001,"batch_size=1, num_pages=9316, len_indptr=2, num_kv_indices=73",PASSED,6.638581757545471,0.060815361179411415,109.1596,0.00390625
gqa_paged_decode_h32_kv8_d128_ps1,c001,"batch_size=1, num_pages=63, len_indptr=2, num_kv_indices=46",PASSED,5.924966397285462,0.05979136127978563,99.094,0.00390625
gqa_paged_decode_h32_kv8_d128_ps1,c001,"batch_size=1, num_pages=82, len_indptr=2, num_kv_indices=65",PASSED,6.0000665616989135,0.060364801213145254,99.3968,0.00390625
gqa_paged_decode_h32_kv8_d128_ps1,c001,"batch_size=1, num_pages=18, len_indptr=2, num_kv_indices=2",PASSED,5.949132809638977,0.05980160139501095,99.4812,0.0078125
gqa_paged_decode_h32_kv8_d128_ps1,c001,"batch_size=1, num_pages=67, len_indptr=2, num_kv_indices=50",PASSED,5.961871376037598,0.06031360127031803,98.8479,0.00390625
gqa_paged_decode_h32_kv8_d128_ps1,c001,"batch_size=1, num_pages=406, len_indptr=2, num_kv_indices=356",PASSED,5.912852478027344,0.06333439908921719,93.3593,0.001953125
gqa_paged_decode_h32_kv8_d128_ps1,c001,"batch_size=1, num_pages=597, len_indptr=2, num_kv_indices=547",PASSED,6.041466879844665,0.07205888196825981,83.8407,0.001953125
gqa_paged_decode_h32_kv8_d128_ps1,c001,"batch_size=1, num_pages=71, len_indptr=2, num_kv_indices=54",PASSED,5.932359700202942,0.05999616138637066,98.879,0.00390625
gqa_paged_decode_h32_kv8_d128_ps1,c001,"batch_size=1, num_pages=223, len_indptr=2, num_kv_indices=173",PASSED,5.935462393760681,0.06085632067173719,97.5324,0.001953125
gqa_paged_decode_h32_kv8_d128_ps1,c001,"batch_size=1, num_pages=74, len_indptr=2, num_kv_indices=57",PASSED,5.962741765975952,0.060160001181066035,99.1147,0.00390625
gqa_paged_decode_h32_kv8_d128_ps1,c001,"batch_size=1, num_pages=78, len_indptr=2, num_kv_indices=61",PASSED,5.971384315490723,0.060272641256451605,99.0729,0.00390625
gqa_paged_decode_h32_kv8_d128_ps1,c001,"batch_size=1, num_pages=11, len_indptr=2, num_kv_indices=10",PASSED,5.939476504325866,0.05960704132914543,99.6439,0.0078125
gqa_paged_decode_h32_kv8_d128_ps1,c001,"batch_size=1, num_pages=15, len_indptr=2, num_kv_indices=14",PASSED,5.9567513751983645,0.0597299212962389,99.7281,0.0078125
gqa_paged_decode_h32_kv8_d128_ps1,c001,"batch_size=1, num_pages=55, len_indptr=2, num_kv_indices=38",PASSED,5.947310118675232,0.06075392115861177,97.8918,0.00390625
gqa_paged_decode_h32_kv8_d128_ps1,c001,"batch_size=1, num_pages=9341, len_indptr=2, num_kv_indices=98",PASSED,6.069780459403992,0.05996544126421213,101.2213,0.001953125
gqa_paged_decode_h32_kv8_d128_ps1,c001,"batch_size=1, num_pages=59, len_indptr=2, num_kv_indices=42",PASSED,5.956147222518921,0.059535361304879186,100.0439,0.00390625
gqa_paged_decode_h32_kv8_d128_ps1,c001,"batch_size=16, num_pages=2708, len_indptr=17, num_kv_indices=2681",PASSED,96.12954635620117,0.07028736129403114,1367.6647,0.00390625
gqa_paged_decode_h32_kv8_d128_ps1,c001,"batch_size=16, num_pages=2212, len_indptr=17, num_kv_indices=2185",PASSED,99.4679091644287,0.06888448096811771,1443.9814,0.00390625
gqa_paged_decode_h32_kv8_d128_ps1,c001,"batch_size=16, num_pages=1220, len_indptr=17, num_kv_indices=1193",PASSED,100.16265243530273,0.06533119976520538,1533.1519,0.0078125
gqa_paged_decode_h32_kv8_d128_ps1,c001,"batch_size=16, num_pages=1732, len_indptr=17, num_kv_indices=1705",PASSED,99.4491902923584,0.066017279997468,1506.4115,0.00390625
gqa_paged_decode_h32_kv8_d128_ps1,c001,"batch_size=16, num_pages=81390, len_indptr=17, num_kv_indices=12942",PASSED,101.31645431518555,0.21016576021909714,482.0788,0.0078125
gqa_paged_decode_h32_kv8_d128_ps1,c001,"batch_size=16, num_pages=1069, len_indptr=17, num_kv_indices=1034",PASSED,98.77773323059083,0.06457343950867653,1529.696,0.0078125
gqa_paged_decode_h32_kv8_d128_ps1,c001,"batch_size=16, num_pages=2868, len_indptr=17, num_kv_indices=2841",PASSED,99.55872787475586,0.07193600200116634,1383.9903,0.00390625
gqa_paged_decode_h32_kv8_d128_ps1,c001,"batch_size=16, num_pages=2372, len_indptr=17, num_kv_indices=2345",PASSED,99.10190040588378,0.06896640092134476,1436.9591,0.00390625
gqa_paged_decode_h32_kv8_d128_ps1,c001,"batch_size=16, num_pages=30163, len_indptr=17, num_kv_indices=20911",PASSED,100.64332809448243,0.22350848078727723,450.2886,0.001953125
gqa_paged_decode_h32_kv8_d128_ps1,c001,"batch_size=16, num_pages=1892, len_indptr=17, num_kv_indices=1865",PASSED,98.98759117126465,0.06841344080865383,1446.9027,0.0078125
gqa_paged_decode_h32_kv8_d128_ps1,c001,"batch_size=16, num_pages=1396, len_indptr=17, num_kv_indices=1369",PASSED,98.11181549072266,0.06606848001480102,1485.0019,0.0078125
gqa_paged_decode_h32_kv8_d128_ps1,c001,"batch_size=16, num_pages=4333, len_indptr=17, num_kv_indices=4298",PASSED,98.5987481689453,0.08096767760813237,1217.7544,0.001953125
gqa_paged_decode_h32_kv8_d128_ps1,c001,"batch_size=16, num_pages=3044, len_indptr=17, num_kv_indices=3017",PASSED,99.13204734802247,0.07219200193881989,1373.1722,0.00390625
gqa_paged_decode_h32_kv8_d128_ps1,c001,"batch_size=16, num_pages=2548, len_indptr=17, num_kv_indices=2521",PASSED,98.59830795288086,0.06915072105824947,1425.8464,0.00390625
gqa_paged_decode_h32_kv8_d128_ps1,c001,"batch_size=16, num_pages=2052, len_indptr=17, num_kv_indices=2025",PASSED,99.01562927246094,0.06806528069078922,1454.7157,0.00390625
gqa_paged_decode_h32_kv8_d128_ps1,c001,"batch_size=16, num_pages=1556, len_indptr=17, num_kv_indices=1529",PASSED,98.25122268676758,0.06580223992466927,1493.1288,0.00390625
gqa_paged_decode_h32_kv8_d128_ps1,c001,"batch_size=64, num_pages=60071, len_indptr=65, num_kv_indices=50902",PASSED,397.92135131835937,0.2993766409158707,1329.1663,0.001953125
gqa_paged_decode_h32_kv8_d128_ps1,c001,"batch_size=64, num_pages=66637, len_indptr=65, num_kv_indices=57366",PASSED,393.78917419433594,0.30483456045389173,1291.8128,0.001953125
gqa_paged_decode_h32_kv8_d128_ps1,c001,"batch_size=64, num_pages=62605, len_indptr=65, num_kv_indices=53334",PASSED,402.0947885131836,0.30532608211040496,1316.9356,0.001953125
gqa_paged_decode_h32_kv8_d128_ps1,c001,"batch_size=64, num_pages=64653, len_indptr=65, num_kv_indices=55382",PASSED,395.03200286865234,0.29878271877765655,1322.1381,0.001953125
gqa_paged_decode_h32_kv8_d128_ps1,c001,"batch_size=64, num_pages=67021, len_indptr=65, num_kv_indices=57750",PASSED,400.73110534667967,0.31316991806030275,1279.5964,0.001953125
gqa_paged_decode_h32_kv8_d128_ps1,c001,"batch_size=64, num_pages=65037, len_indptr=65, num_kv_indices=55766",PASSED,404.08697814941405,0.31293439835309983,1291.2833,0.001953125
gqa_paged_decode_h32_kv8_d128_ps1,c001,"batch_size=64, num_pages=63053, len_indptr=65, num_kv_indices=53782",PASSED,400.6740277099609,0.30971904039382936,1293.6693,0.001953125
gqa_paged_decode_h32_kv8_d128_ps1,c001,"batch_size=64, num_pages=67405, len_indptr=65, num_kv_indices=58134",PASSED,399.3775396728516,0.33054720014333727,1208.2315,0.001953125
gqa_paged_decode_h32_kv8_d128_ps1,c001,"batch_size=64, num_pages=65421, len_indptr=65, num_kv_indices=56150",PASSED,396.2159405517578,0.30932992160320283,1280.8846,0.001953125
gqa_paged_decode_h32_kv8_d128_ps1,c001,"batch_size=64, num_pages=63437, len_indptr=65, num_kv_indices=54166",PASSED,395.7113342285156,0.31326208025217056,1263.1958,0.001953125
gqa_paged_decode_h32_kv8_d128_ps1,c001,"batch_size=64, num_pages=65805, len_indptr=65, num_kv_indices=56534",PASSED,401.65143646240233,0.307640320956707,1305.5878,0.001953125
gqa_paged_decode_h32_kv8_d128_ps1,c001,"batch_size=64, num_pages=63821, len_indptr=65, num_kv_indices=54550",PASSED,395.33165557861327,0.32249856054782866,1225.8401,0.001953125
gqa_paged_decode_h32_kv8_d128_ps1,c001,"batch_size=64, num_pages=67853, len_indptr=65, num_kv_indices=58582",PASSED,403.2456411743164,0.31975423872470854,1261.1112,0.001953125
gqa_paged_decode_h32_kv8_d128_ps1,c001,"batch_size=64, num_pages=66253, len_indptr=65, num_kv_indices=56982",PASSED,399.72767669677734,0.3163238403201103,1263.666,0.001953125
gqa_paged_decode_h32_kv8_d128_ps1,c001,"batch_size=64, num_pages=68237, len_indptr=65, num_kv_indices=58966",PASSED,401.6085501098633,0.3220275187492371,1247.1249,0.001953125
gqa_paged_decode_h32_kv8_d128_ps1,c001,"batch_size=64, num_pages=64205, len_indptr=65, num_kv_indices=54934",PASSED,400.5467642211914,0.31066112041473387,1289.3366,0.001953125
gqa_paged_prefill_causal_h32_kv8_d128_ps1,c001,"len_indptr=2, total_q=34, num_kv_indices=1, num_pages=2",PASSED,5.82220799446106,0.592926721572876,9.8194,4.76837158203125e-07
gqa_paged_prefill_causal_h32_kv8_d128_ps1,c001,"len_indptr=2, total_q=1, num_kv_indices=34, num_pages=51",PASSED,5.924751358032227,0.4807475209236145,12.324,0.00048828125
gqa_paged_prefill_causal_h32_kv8_d128_ps1,c001,"len_indptr=29, total_q=13515, num_kv_indices=28, num_pages=2",PASSED,160.41342987060546,2.402652134895325,66.7651,7.152557373046875e-07
gqa_paged_prefill_causal_h32_kv8_d128_ps1,c001,"len_indptr=33, total_q=12734, num_kv_indices=33, num_pages=86",PASSED,188.12495880126954,2.5991884732246398,72.3783,7.152557373046875e-07
gqa_paged_prefill_causal_h32_kv8_d128_ps1,c001,"len_indptr=2, total_q=16, num_kv_indices=3, num_pages=87",PASSED,17.23728895187378,0.4838707220554352,35.6237,3.5762786865234375e-07
gqa_paged_prefill_causal_h32_kv8_d128_ps1,c001,"len_indptr=3, total_q=78, num_kv_indices=4, num_pages=13719",PASSED,23.307519931793212,0.5914419251680374,39.408,4.76837158203125e-07
gqa_paged_prefill_causal_h32_kv8_d128_ps1,c001,"len_indptr=53, total_q=10749, num_kv_indices=99, num_pages=20585",PASSED,553.710161743164,3.9167385363578795,141.3702,0.00390625
gqa_paged_prefill_causal_h32_kv8_d128_ps1,c001,"len_indptr=12, total_q=8981, num_kv_indices=16, num_pages=20585",PASSED,92.33625091552734,1.0860748934745788,85.0183,7.152557373046875e-07
gqa_paged_prefill_causal_h32_kv8_d128_ps1,c001,"len_indptr=31, total_q=4803, num_kv_indices=66, num_pages=111721",PASSED,378.70389282226563,2.456279036998749,154.1779,0.00048828125
gqa_paged_prefill_causal_h32_kv8_d128_ps1,c001,"len_indptr=41, total_q=8140, num_kv_indices=104, num_pages=136181",PASSED,529.0291497802734,3.2523263835906984,162.6618,0.001953125
gqa_paged_prefill_causal_h32_kv8_d128_ps1,c001,"len_indptr=4, total_q=202, num_kv_indices=7, num_pages=174706",PASSED,41.938564987182616,0.5874790382385254,71.3873,4.76837158203125e-07
gqa_paged_prefill_causal_h32_kv8_d128_ps1,c001,"len_indptr=44, total_q=6558, num_kv_indices=101, num_pages=175078",PASSED,571.0422009277344,3.507138569355011,162.8228,0.001953125
gqa_paged_prefill_causal_h32_kv8_d128_ps1,c001,"len_indptr=13, total_q=1286, num_kv_indices=35, num_pages=178800",PASSED,197.39707427978516,1.4370611202716828,137.3616,0.0009765625
gqa_paged_prefill_causal_h32_kv8_d128_ps1,c001,"len_indptr=2, total_q=178, num_kv_indices=3, num_pages=59402",PASSED,18.095943717956544,0.5633536005020141,32.1218,7.152557373046875e-07
gqa_paged_prefill_causal_h32_kv8_d128_ps1,c001,"len_indptr=5, total_q=70, num_kv_indices=13, num_pages=222053",PASSED,77.0481259918213,0.7399731177091599,104.1229,9.5367431640625e-07
gqa_paged_prefill_causal_h32_kv8_d128_ps1,c001,"len_indptr=13, total_q=7009, num_kv_indices=30, num_pages=70149",PASSED,174.18019775390624,1.0407116800546645,167.3664,0.0009765625
gqa_paged_prefill_causal_h32_kv8_d128_ps1,c001,"len_indptr=2, total_q=16384, num_kv_indices=3, num_pages=25634",PASSED,20.291829833984377,0.6539571183919907,31.0293,6.103515625e-05
gqa_paged_prefill_causal_h32_kv8_d128_ps1,c001,"len_indptr=2, total_q=42, num_kv_indices=3, num_pages=13719",PASSED,17.65536771774292,0.5957427185773849,29.6359,0.00048828125
gqa_paged_prefill_causal_h32_kv8_d128_ps1,c001,"len_indptr=2, total_q=398, num_kv_indices=3, num_pages=14547",PASSED,17.656597690582274,0.513607679605484,34.3776,4.76837158203125e-07
gqa_paged_prefill_causal_h32_kv8_d128_ps1,c001,"len_indptr=3, total_q=14, num_kv_indices=4, num_pages=181871",PASSED,25.23564033508301,0.5062860804796219,49.8446,0.0009765625
gqa_paged_prefill_causal_h32_kv8_d128_ps1,c001,"len_indptr=17, total_q=6102, num_kv_indices=41, num_pages=256226",PASSED,228.71366638183594,1.5478067135810851,147.7663,0.0001220703125
gqa_paged_prefill_causal_h32_kv8_d128_ps1,c001,"len_indptr=8, total_q=7419, num_kv_indices=25, num_pages=270692",PASSED,148.1221630859375,0.914216964840889,162.0208,0.00048828125
gqa_paged_prefill_causal_h32_kv8_d128_ps1,c001,"len_indptr=2, total_q=2, num_kv_indices=3, num_pages=13469",PASSED,11.958415393829346,0.48303104311227796,24.757,4.76837158203125e-07
gqa_paged_prefill_causal_h32_kv8_d128_ps1,c001,"len_indptr=5, total_q=134, num_kv_indices=10, num_pages=383616",PASSED,61.8995405960083,0.6274662399291993,98.65,0.001953125
gqa_paged_prefill_causal_h32_kv8_d128_ps1,c001,"len_indptr=39, total_q=7140, num_kv_indices=97, num_pages=399096",PASSED,562.6593994140625,3.061258237361908,183.8,0.00390625
gqa_paged_prefill_causal_h32_kv8_d128_ps1,c001,"len_indptr=2, total_q=10447, num_kv_indices=1, num_pages=2",PASSED,7.465451517105103,0.520663041472435,14.3384,4.76837158203125e-07
gqa_paged_prefill_causal_h32_kv8_d128_ps1,c001,"len_indptr=4, total_q=123, num_kv_indices=12, num_pages=135698",PASSED,71.06916343688965,0.5547520035505294,128.1098,1.52587890625e-05
gqa_paged_prefill_causal_h32_kv8_d128_ps1,c001,"len_indptr=27, total_q=7786, num_kv_indices=74, num_pages=397053",PASSED,431.5430920410156,2.3351500725746153,184.8032,0.00390625
gqa_paged_prefill_causal_h32_kv8_d128_ps1,c001,"len_indptr=2, total_q=2473, num_kv_indices=2, num_pages=176551",PASSED,13.852241945266723,0.5017600002884864,27.6073,4.76837158203125e-07
gqa_paged_prefill_causal_h32_kv8_d128_ps1,c001,"len_indptr=21, total_q=2002, num_kv_indices=67, num_pages=508530",PASSED,329.87366271972655,1.6911769580841065,195.0557,0.00048828125
gqa_paged_prefill_causal_h32_kv8_d128_ps1,c001,"len_indptr=2, total_q=30, num_kv_indices=1, num_pages=2",PASSED,5.852774386405945,0.4951449593901634,11.8203,7.152557373046875e-07
gqa_paged_prefill_causal_h32_kv8_d128_ps1,c001,"len_indptr=8, total_q=10393, num_kv_indices=17, num_pages=395233",PASSED,104.25968643188476,0.8799027198553085,118.49,0.0009765625
gqa_paged_prefill_causal_h32_kv8_d128_ps1,c001,"len_indptr=11, total_q=4950, num_kv_indices=25, num_pages=296392",PASSED,147.71056671142577,0.979773434996605,150.7599,0.0009765625
gqa_paged_prefill_causal_h32_kv8_d128_ps1,c001,"len_indptr=2, total_q=1171, num_kv_indices=4, num_pages=439455",PASSED,27.841566791534422,0.5061324846744537,55.0085,7.62939453125e-06
gqa_paged_prefill_causal_h32_kv8_d128_ps1,c001,"len_indptr=2, total_q=5, num_kv_indices=2, num_pages=682",PASSED,11.569438781738281,0.4821094426512718,23.9975,2.384185791015625e-07
gqa_paged_prefill_causal_h32_kv8_d128_ps1,c001,"len_indptr=42, total_q=8298, num_kv_indices=143, num_pages=605498",PASSED,820.990791015625,3.3182412719726564,247.4174,0.001953125
gqa_paged_prefill_causal_h32_kv8_d128_ps1,c001,"len_indptr=2, total_q=17, num_kv_indices=2, num_pages=552310",PASSED,17.221273651123045,0.5019852867722512,34.3063,7.152557373046875e-07
gqa_paged_prefill_causal_h32_kv8_d128_ps1,c001,"len_indptr=18, total_q=3478, num_kv_indices=2560, num_pages=716370",PASSED,237.47140579223634,15.67892481803894,15.1459,3.0517578125e-05
gqa_ragged_prefill_causal_h32_kv8_d128,c001,"len_indptr=2, total_q=7, total_kv=7",PASSED,0.6153932791948319,0.06659072004258633,9.2414,0.015625
gqa_ragged_prefill_causal_h32_kv8_d128,c001,"len_indptr=2, total_q=1, total_kv=1",PASSED,0.5672038382291794,0.0660377600044012,8.5891,4.76837158203125e-07
gqa_ragged_prefill_causal_h32_kv8_d128,c001,"len_indptr=2, total_q=35, total_kv=35",PASSED,0.6182297629117965,0.06589439995586872,9.3821,0.015625
gqa_ragged_prefill_causal_h32_kv8_d128,c001,"len_indptr=3, total_q=81, total_kv=81",PASSED,1.1245772743225098,0.06576127991080284,17.1009,0.015625
gqa_ragged_prefill_causal_h32_kv8_d128,c001,"len_indptr=26, total_q=13557, total_kv=13557",PASSED,58.722570190429686,2.1906431770324706,26.8061,0.015625
gqa_ragged_prefill_causal_h32_kv8_d128,c001,"len_indptr=37, total_q=12845, total_kv=12845",PASSED,61.08374038696289,2.263685188293457,26.9842,0.015625
gqa_ragged_prefill_causal_h32_kv8_d128,c001,"len_indptr=2, total_q=7, total_kv=7",PASSED,0.6082252848148346,0.06560767985880375,9.2706,0.015625
gqa_ragged_prefill_causal_h32_kv8_d128,c001,"len_indptr=2, total_q=1, total_kv=1",PASSED,0.5588070404529571,0.06575103990733623,8.4988,7.152557373046875e-07
gqa_ragged_prefill_causal_h32_kv8_d128,c001,"len_indptr=2, total_q=35, total_kv=35",PASSED,0.6112460762262344,0.06576127991080284,9.2949,0.015625
gqa_ragged_prefill_causal_h32_kv8_d128,c001,"len_indptr=2, total_q=35, total_kv=35",PASSED,0.6114303970336914,0.0662016000598669,9.2359,0.015625
gqa_ragged_prefill_causal_h32_kv8_d128,c001,"len_indptr=2, total_q=18, total_kv=18",PASSED,0.6086553686857223,0.06577151991426945,9.2541,0.015625
gqa_ragged_prefill_causal_h32_kv8_d128,c001,"len_indptr=2, total_q=18, total_kv=18",PASSED,0.6094643223285675,0.0660377600044012,9.229,0.015625
gqa_ragged_prefill_causal_h32_kv8_d128,c001,"len_indptr=2, total_q=7, total_kv=7",PASSED,0.605941761136055,0.06573055990040302,9.2186,0.015625
gqa_ragged_prefill_causal_h32_kv8_d128,c001,"len_indptr=2, total_q=1, total_kv=1",PASSED,0.559749127626419,0.0656895998865366,8.5211,4.76837158203125e-07
gqa_ragged_prefill_causal_h32_kv8_d128,c001,"len_indptr=2, total_q=35, total_kv=35",PASSED,0.6115327978134155,0.06658048018813133,9.1849,0.0078125
gqa_ragged_prefill_causal_h32_kv8_d128,c001,"len_indptr=2, total_q=35, total_kv=35",PASSED,0.6119526362419129,0.06642688013613224,9.2124,0.015625
gqa_ragged_prefill_causal_h32_kv8_d128,c001,"len_indptr=16, total_q=982, total_kv=982",PASSED,7.407871990203858,0.10449919812381267,70.8893,0.015625
gqa_ragged_prefill_causal_h32_kv8_d128,c001,"len_indptr=2, total_q=71, total_kv=71",PASSED,0.6096486419439315,0.06598655998706818,9.239,0.015625
gqa_ragged_prefill_causal_h32_kv8_d128,c001,"len_indptr=2, total_q=71, total_kv=71",PASSED,0.6104063993692398,0.0663654401153326,9.1977,0.015625
gqa_ragged_prefill_causal_h32_kv8_d128,c001,"len_indptr=11, total_q=12571, total_kv=12571",PASSED,51.41072887420654,1.961164824962616,26.2144,0.015625
gqa_ragged_prefill_causal_h32_kv8_d128,c001,"len_indptr=6, total_q=92, total_kv=92",PASSED,2.554296324253082,0.06615040004253388,38.6135,0.015625
mla_paged_decode_h16_ckv512_kpe64_ps1,c002,"batch_size=1, num_pages=989669, len_indptr=2, num_kv_indices=8",PASSED,3.382364127635956,0.06732800029218197,50.2371,0.0078125
mla_paged_decode_h16_ckv512_kpe64_ps1,c002,"batch_size=1, num_pages=989669, len_indptr=2, num_kv_indices=108",PASSED,3.2475852298736574,0.0660275199264288,49.1853,0.0078125
mla_paged_decode_h16_ckv512_kpe64_ps1,c002,"batch_size=1, num_pages=989669, len_indptr=2, num_kv_indices=208",PASSED,3.277496280670166,0.06907904095947742,47.4456,0.0078125
mla_paged_decode_h16_ckv512_kpe64_ps1,c002,"batch_size=1, num_pages=989669, len_indptr=2, num_kv_indices=308",PASSED,3.260231685638428,0.07349248245358467,44.3614,0.0078125
mla_paged_decode_h16_ckv512_kpe64_ps1,c002,"batch_size=1, num_pages=989669, len_indptr=2, num_kv_indices=408",PASSED,3.2596991944313047,0.08183807790279389,39.8311,0.0078125
mla_paged_decode_h16_ckv512_kpe64_ps1,c002,"batch_size=1, num_pages=989669, len_indptr=2, num_kv_indices=508",PASSED,3.258603522777557,0.0846847988665104,38.4792,0.0078125
mla_paged_decode_h16_ckv512_kpe64_ps1,c002,"batch_size=1, num_pages=989669, len_indptr=2, num_kv_indices=608",PASSED,3.2588595271110536,0.0932147216796875,34.9608,0.0078125
mla_paged_decode_h16_ckv512_kpe64_ps1,c002,"batch_size=1, num_pages=989669, len_indptr=2, num_kv_indices=708",PASSED,3.2572211241722107,0.1025945570319891,31.7485,0.0078125
mla_paged_decode_h16_ckv512_kpe64_ps1,c002,"batch_size=1, num_pages=989669, len_indptr=2, num_kv_indices=808",PASSED,3.2565452742576597,0.10465279817581177,31.1176,0.0078125
mla_paged_decode_h16_ckv512_kpe64_ps1,c002,"batch_size=1, num_pages=989669, len_indptr=2, num_kv_indices=2708",PASSED,3.2693657898902893,0.22175743743777276,14.743,0.0078125
mla_paged_decode_h16_ckv512_kpe64_ps1,c002,"batch_size=1, num_pages=989669, len_indptr=2, num_kv_indices=1908",PASSED,3.2593203258514403,0.17207296222448348,18.9415,0.0078125
mla_paged_decode_h16_ckv512_kpe64_ps1,c002,"batch_size=1, num_pages=989669, len_indptr=2, num_kv_indices=1008",PASSED,3.256924157142639,0.11645952209830285,27.9661,0.0078125
mla_paged_decode_h16_ckv512_kpe64_ps1,c002,"batch_size=1, num_pages=989669, len_indptr=2, num_kv_indices=2408",PASSED,3.2567910242080687,0.20282367751002311,16.0573,0.0078125
mla_paged_decode_h16_ckv512_kpe64_ps1,c002,"batch_size=1, num_pages=989669, len_indptr=2, num_kv_indices=1108",PASSED,3.2532786965370177,0.12533759824931623,25.9561,0.0078125
mla_paged_decode_h16_ckv512_kpe64_ps1,c002,"batch_size=1, num_pages=989669, len_indptr=2, num_kv_indices=1208",PASSED,3.251056599617004,0.12887040242552758,25.2273,0.0078125
mla_paged_decode_h16_ckv512_kpe64_ps1,c002,"batch_size=16, num_pages=989669, len_indptr=17, num_kv_indices=2757",PASSED,7.9067750167846675,0.1326591968536377,59.6022,0.015625
mla_paged_decode_h16_ckv512_kpe64_ps1,c002,"batch_size=16, num_pages=989669, len_indptr=17, num_kv_indices=1857",PASSED,7.814604787826538,0.08247295811772347,94.7535,0.015625
mla_paged_decode_h16_ckv512_kpe64_ps1,c002,"batch_size=16, num_pages=989669, len_indptr=17, num_kv_indices=3557",PASSED,7.818997740745544,0.1329049564898014,58.8315,0.015625
mla_paged_decode_h16_ckv512_kpe64_ps1,c002,"batch_size=16, num_pages=989669, len_indptr=17, num_kv_indices=4357",PASSED,7.867535357475281,0.13742079809308053,57.2514,0.015625
mla_paged_decode_h16_ckv512_kpe64_ps1,c002,"batch_size=16, num_pages=989669, len_indptr=17, num_kv_indices=7257",PASSED,7.981834216117859,0.09186304114758968,86.8884,0.0078125
mla_paged_decode_h16_ckv512_kpe64_ps1,c002,"batch_size=16, num_pages=989669, len_indptr=17, num_kv_indices=8057",PASSED,7.9835136079788205,0.09618432231247426,83.0022,0.015625
mla_paged_decode_h16_ckv512_kpe64_ps1,c002,"batch_size=16, num_pages=989669, len_indptr=17, num_kv_indices=5057",PASSED,7.964221429824829,0.09553920231759548,83.3608,0.0078125
mla_paged_decode_h16_ckv512_kpe64_ps1,c002,"batch_size=16, num_pages=989669, len_indptr=17, num_kv_indices=9657",PASSED,7.907123169898987,0.17022976130247117,46.4497,0.015625
mla_paged_decode_h16_ckv512_kpe64_ps1,c002,"batch_size=16, num_pages=989669, len_indptr=17, num_kv_indices=5857",PASSED,7.92963071346283,0.09584640234708786,82.7327,0.015625
mla_paged_decode_h16_ckv512_kpe64_ps1,c002,"batch_size=16, num_pages=989669, len_indptr=17, num_kv_indices=10857",PASSED,7.901624364852905,0.17339392274618148,45.5704,0.015625
mla_paged_decode_h16_ckv512_kpe64_ps1,c002,"batch_size=16, num_pages=989669, len_indptr=17, num_kv_indices=6657",PASSED,7.976652808189392,0.10006527788937092,79.7145,0.015625
mla_paged_decode_h16_ckv512_kpe64_ps1,c002,"batch_size=16, num_pages=989669, len_indptr=17, num_kv_indices=12857",PASSED,7.931668472290039,0.1814015980064869,43.7244,0.0078125
mla_paged_decode_h16_ckv512_kpe64_ps1,c002,"batch_size=16, num_pages=989669, len_indptr=17, num_kv_indices=457",PASSED,7.81819902420044,0.0668672002106905,116.9213,0.015625
mla_paged_decode_h16_ckv512_kpe64_ps1,c002,"batch_size=16, num_pages=989669, len_indptr=17, num_kv_indices=14857",PASSED,7.9304806423187255,0.19066880106925965,41.593,0.0078125
mla_paged_decode_h16_ckv512_kpe64_ps1,c002,"batch_size=16, num_pages=989669, len_indptr=17, num_kv_indices=17257",PASSED,7.974891505241394,0.2038681574165821,39.1179,0.0078125
mla_paged_decode_h16_ckv512_kpe64_ps1,c002,"batch_size=16, num_pages=989669, len_indptr=17, num_kv_indices=8857",PASSED,7.890042891502381,0.14169087931513785,55.6849,0.015625
mla_paged_decode_h16_ckv512_kpe64_ps1,c002,"batch_size=64, num_pages=989669, len_indptr=65, num_kv_indices=27545",PASSED,22.99932664871216,0.19118080168962479,120.3014,0.015625
mla_paged_decode_h16_ckv512_kpe64_ps1,c002,"batch_size=64, num_pages=989669, len_indptr=65, num_kv_indices=30745",PASSED,23.060285377502442,0.19059712082147598,120.9897,0.015625
mla_paged_decode_h16_ckv512_kpe64_ps1,c002,"batch_size=64, num_pages=989669, len_indptr=65, num_kv_indices=33945",PASSED,23.057940406799318,0.19608576118946075,117.5911,0.015625
mla_paged_decode_h16_ckv512_kpe64_ps1,c002,"batch_size=64, num_pages=989669, len_indptr=65, num_kv_indices=37145",PASSED,23.051806659698485,0.2016358369588852,114.324,0.015625
mla_paged_decode_h16_ckv512_kpe64_ps1,c002,"batch_size=64, num_pages=989669, len_indptr=65, num_kv_indices=40345",PASSED,23.276298217773437,0.20596735894680024,113.0096,0.015625
mla_paged_decode_h16_ckv512_kpe64_ps1,c002,"batch_size=64, num_pages=989669, len_indptr=65, num_kv_indices=44845",PASSED,22.55906812667847,0.2494668784737587,90.4291,0.015625
mla_paged_decode_h16_ckv512_kpe64_ps1,c002,"batch_size=64, num_pages=989669, len_indptr=65, num_kv_indices=48045",PASSED,22.419343376159667,0.2519654406607151,88.9779,0.015625
mla_paged_decode_h16_ckv512_kpe64_ps1,c002,"batch_size=64, num_pages=989669, len_indptr=65, num_kv_indices=51245",PASSED,22.451670989990234,0.25895936012268067,86.6996,0.015625
mla_paged_decode_h16_ckv512_kpe64_ps1,c002,"batch_size=64, num_pages=989669, len_indptr=65, num_kv_indices=54445",PASSED,22.492436408996582,0.2658815968036652,84.5957,0.015625
mla_paged_decode_h16_ckv512_kpe64_ps1,c002,"batch_size=64, num_pages=989669, len_indptr=65, num_kv_indices=57645",PASSED,22.5206272315979,0.2643353575468063,85.1972,0.015625
mla_paged_decode_h16_ckv512_kpe64_ps1,c002,"batch_size=64, num_pages=989669, len_indptr=65, num_kv_indices=75145",PASSED,22.524886989593504,0.6329548740386963,35.5869,0.0078125
mla_paged_decode_h16_ckv512_kpe64_ps1,c002,"batch_size=64, num_pages=989669, len_indptr=65, num_kv_indices=9945",PASSED,22.043422718048095,0.16239615887403488,135.7386,0.015625
mla_paged_decode_h16_ckv512_kpe64_ps1,c002,"batch_size=64, num_pages=989669, len_indptr=65, num_kv_indices=62345",PASSED,22.514964561462403,0.6234111964702607,36.1158,0.015625
mla_paged_decode_h16_ckv512_kpe64_ps1,c002,"batch_size=64, num_pages=989669, len_indptr=65, num_kv_indices=16345",PASSED,22.102784004211426,0.17123328238725663,129.08,0.015625
mla_paged_decode_h16_ckv512_kpe64_ps1,c002,"batch_size=64, num_pages=989669, len_indptr=65, num_kv_indices=22745",PASSED,22.346321811676024,0.17878015726804733,124.9933,0.015625
mla_paged_decode_h16_ckv512_kpe64_ps1,c002,"batch_size=64, num_pages=989669, len_indptr=65, num_kv_indices=68745",PASSED,22.596382751464844,0.6486323159933091,34.837,0.015625
mla_paged_prefill_causal_h16_ckv512_kpe64_ps1,c002,"total_q=33, num_pages=989669, len_indptr=2, num_kv_indices=34",PASSED,10.679500780105592,0.3915878403186798,27.2723,0.015625
mla_paged_prefill_causal_h16_ckv512_kpe64_ps1,c002,"total_q=1, num_pages=989669, len_indptr=2, num_kv_indices=34",PASSED,3.3214873480796814,0.38426623910665514,8.6437,0.0078125
mla_paged_prefill_causal_h16_ckv512_kpe64_ps1,c002,"total_q=17, num_pages=989669, len_indptr=2, num_kv_indices=19",PASSED,6.955653128623962,0.39187456130981446,17.7497,0.015625
mla_paged_prefill_causal_h16_ckv512_kpe64_ps1,c002,"total_q=52, num_pages=989669, len_indptr=5, num_kv_indices=67",PASSED,15.15720700263977,0.3884646400809288,39.0182,0.015625
mla_paged_prefill_causal_h16_ckv512_kpe64_ps1,c002,"total_q=376, num_pages=989669, len_indptr=2, num_kv_indices=381",PASSED,89.69213943481445,0.46463999778032306,193.0358,0.015625
mla_paged_prefill_causal_h16_ckv512_kpe64_ps1,c002,"total_q=287, num_pages=989669, len_indptr=2, num_kv_indices=288",PASSED,68.96580574035644,0.4265676787495613,161.6761,0.015625
mla_paged_prefill_causal_h16_ckv512_kpe64_ps1,c002,"total_q=5, num_pages=989669, len_indptr=2, num_kv_indices=7",PASSED,4.228372492790222,0.3881062409281731,10.8949,0.015625
mla_paged_prefill_causal_h16_ckv512_kpe64_ps1,c002,"total_q=1187, num_pages=989669, len_indptr=4, num_kv_indices=1205",PASSED,271.0583596801758,1.0457292664051057,259.2051,0.015625
mla_paged_prefill_causal_h16_ckv512_kpe64_ps1,c002,"total_q=10, num_pages=989669, len_indptr=2, num_kv_indices=12",PASSED,5.335480327606201,0.3848089602589607,13.8653,0.015625
mla_paged_prefill_causal_h16_ckv512_kpe64_ps1,c002,"total_q=3, num_pages=989669, len_indptr=2, num_kv_indices=5",PASSED,3.7712793922424317,0.38289407789707186,9.8494,0.015625
mla_paged_prefill_causal_h16_ckv512_kpe64_ps1,c002,"total_q=13, num_pages=989669, len_indptr=2, num_kv_indices=14",PASSED,6.008586225509643,0.38454271852970123,15.6253,0.03125
mla_paged_prefill_causal_h16_ckv512_kpe64_ps1,c002,"total_q=26, num_pages=989669, len_indptr=3, num_kv_indices=32",PASSED,9.092659196853639,0.38316031903028486,23.7307,0.015625
mla_paged_prefill_causal_h16_ckv512_kpe64_ps1,c002,"total_q=8987, num_pages=989669, len_indptr=57, num_kv_indices=14390",PASSED,2036.0985803222657,6.908293089866638,294.7325,0.015625
mla_paged_prefill_causal_h16_ckv512_kpe64_ps1,c002,"total_q=29, num_pages=989669, len_indptr=2, num_kv_indices=34",PASSED,9.636239347457886,0.39088128089904783,24.6526,0.015625
mla_paged_prefill_causal_h16_ckv512_kpe64_ps1,c002,"total_q=2, num_pages=989669, len_indptr=3, num_kv_indices=53",PASSED,3.7031731534004213,0.3802726379036903,9.7382,0.015625
mla_paged_prefill_causal_h16_ckv512_kpe64_ps1,c002,"total_q=1028, num_pages=989669, len_indptr=2, num_kv_indices=1038",PASSED,237.97886978149415,0.9985843235254288,238.3162,0.015625
mla_paged_prefill_causal_h16_ckv512_kpe64_ps1,c002,"total_q=22, num_pages=989669, len_indptr=23, num_kv_indices=17759",PASSED,11.287838697433472,0.6765670442581176,16.684,0.015625
mla_paged_prefill_causal_h16_ckv512_kpe64_ps1,c002,"total_q=15, num_pages=989669, len_indptr=2, num_kv_indices=18",PASSED,6.4676249313354495,0.3839078402519226,16.8468,0.015625
mla_paged_prefill_causal_h16_ckv512_kpe64_ps1,c002,"total_q=69, num_pages=989669, len_indptr=4, num_kv_indices=90",PASSED,18.782484436035155,0.3846963208913803,48.8242,0.015625
mla_paged_prefill_causal_h16_ckv512_kpe64_ps1,c002,"total_q=3024, num_pages=989669, len_indptr=4, num_kv_indices=3029",PASSED,704.4447839355469,4.341452779769898,162.2602,0.015625
mla_paged_prefill_causal_h16_ckv512_kpe64_ps1,c002,"total_q=1954, num_pages=989669, len_indptr=29, num_kv_indices=2044",PASSED,443.83597686767575,0.672399360537529,660.0779,0.015625
mla_paged_prefill_causal_h16_ckv512_kpe64_ps1,c002,"total_q=199, num_pages=989669, len_indptr=2, num_kv_indices=203",PASSED,46.86582763671875,0.40090623646974566,116.8997,0.015625
mla_paged_prefill_causal_h16_ckv512_kpe64_ps1,c002,"total_q=473, num_pages=989669, len_indptr=6, num_kv_indices=491",PASSED,110.93889015197755,0.4602880018949509,241.0206,0.015625
mla_paged_prefill_causal_h16_ckv512_kpe64_ps1,c002,"total_q=96, num_pages=989669, len_indptr=2, num_kv_indices=98",PASSED,24.118599548339844,0.39017472058534625,61.8149,0.015625
mla_paged_prefill_causal_h16_ckv512_kpe64_ps1,c002,"total_q=6053, num_pages=989669, len_indptr=12, num_kv_indices=6091",PASSED,1369.7477563476561,4.2198733139038085,324.5945,0.015625
mla_paged_prefill_causal_h16_ckv512_kpe64_ps1,c002,"total_q=16384, num_pages=989669, len_indptr=2, num_kv_indices=16387",PASSED,3713.2083959960937,145.74618713378905,25.4772,0.015625
mla_paged_prefill_causal_h16_ckv512_kpe64_ps1,c002,"total_q=43, num_pages=989669, len_indptr=2, num_kv_indices=46",PASSED,12.724152355194091,0.39349248200654985,32.3365,0.015625
mla_paged_prefill_causal_h16_ckv512_kpe64_ps1,c002,"total_q=6, num_pages=989669, len_indptr=7, num_kv_indices=109",PASSED,5.223137302398682,0.3803647977113724,13.7319,0.015625
mla_paged_prefill_causal_h16_ckv512_kpe64_ps1,c002,"total_q=805, num_pages=989669, len_indptr=5, num_kv_indices=814",PASSED,187.96662734985352,0.6871142399311065,273.5595,0.015625
mla_paged_prefill_causal_h16_ckv512_kpe64_ps1,c002,"total_q=58, num_pages=989669, len_indptr=2, num_kv_indices=60",PASSED,15.834173431396485,0.388618241250515,40.7448,0.015625
mla_paged_prefill_causal_h16_ckv512_kpe64_ps1,c002,"total_q=123, num_pages=989669, len_indptr=3, num_kv_indices=185",PASSED,30.238648319244383,0.38419455975294114,78.7066,0.015625
mla_paged_prefill_causal_h16_ckv512_kpe64_ps1,c002,"total_q=4, num_pages=989669, len_indptr=5, num_kv_indices=121",PASSED,4.450365433692932,0.37869567900896073,11.7518,0.015625
mla_paged_prefill_causal_h16_ckv512_kpe64_ps1,c002,"total_q=3842, num_pages=989669, len_indptr=21, num_kv_indices=3916",PASSED,871.096806640625,1.955440640449524,445.4734,0.015625
mla_paged_prefill_causal_h16_ckv512_kpe64_ps1,c002,"total_q=15883, num_pages=989669, len_indptr=19, num_kv_indices=15937",PASSED,3598.794365234375,20.74598398208618,173.4694,0.015625
mla_paged_prefill_causal_h16_ckv512_kpe64_ps1,c002,"total_q=15092, num_pages=989669, len_indptr=27, num_kv_indices=15187",PASSED,3453.802824707031,14.796564502716064,233.4192,0.015625
mla_paged_prefill_causal_h16_ckv512_kpe64_ps1,c002,"total_q=138, num_pages=989669, len_indptr=5, num_kv_indices=151",PASSED,33.881108360290526,0.38541311889886853,87.9085,0.015625
mla_paged_prefill_causal_h16_ckv512_kpe64_ps1,c002,"total_q=8, num_pages=989669, len_indptr=2, num_kv_indices=12",PASSED,4.899932141304016,0.38286336064338683,12.7981,0.015625
mla_paged_prefill_causal_h16_ckv512_kpe64_ps1,c002,"total_q=10870, num_pages=989669, len_indptr=3, num_kv_indices=10875",PASSED,2468.8954736328124,32.418897819519046,76.1561,0.015625
rmsnorm_h4096,c002,batch_size=7,PASSED,0.10767359882593155,0.039700478985905646,2.7121,0.0
rmsnorm_h4096,c002,batch_size=1,PASSED,0.1048883182555437,0.03879935942590237,2.7034,0.0
rmsnorm_h4096,c002,batch_size=34,PASSED,0.10595327861607075,0.03879935931414366,2.7308,0.0
rmsnorm_h4096,c002,batch_size=170,PASSED,0.1053593584150076,0.03870719954371452,2.722,0.0078125
rmsnorm_h4096,c002,batch_size=14418,PASSED,1.5945727944374084,0.1629183991253376,9.7876,0.015625
rmsnorm_h4096,c002,batch_size=11832,PASSED,1.2860825765132904,0.13912063881754874,9.2444,0.015625
rmsnorm_h4096,c002,batch_size=64,PASSED,0.10463231816887855,0.039045119024813175,2.6798,0.0
rmsnorm_h4096,c002,batch_size=16,PASSED,0.10530815839767456,0.038707199580967425,2.7206,0.0
rmsnorm_h4096,c002,batch_size=10827,PASSED,1.1848396682739257,0.129638402312994,9.1396,0.015625
rmsnorm_h4096,c002,batch_size=8804,PASSED,0.9781657576560974,0.1113702404499054,8.783,0.03125
rmsnorm_h4096,c002,batch_size=63,PASSED,0.10478591822087764,0.03883007939904928,2.6986,0.0
rmsnorm_h4096,c002,batch_size=79,PASSED,0.10381311789155007,0.03916799895465374,2.6505,0.0
rmsnorm_h4096,c002,batch_size=14509,PASSED,1.5720857691764831,0.16379903987050057,9.5976,0.03125
rmsnorm_h4096,c002,batch_size=15,PASSED,0.10397695794701577,0.03987455986440182,2.6076,0.0
L1/002_vae_conv3x3_groupnorm_silu_residual_fused,c006,"batch_size=16, height=64, width=64",PASSED,2.0141679999999997,2.48917,0.8092,0.004506349563598633
L1/002_vae_conv3x3_groupnorm_silu_residual_fused,c006,"batch_size=1, height=128, width=128",PASSED,0.7631755,1.0728035,0.7114,0.004286050796508789
L1/002_vae_conv3x3_groupnorm_silu_residual_fused,c006,"batch_size=1, height=131, width=131",PASSED,0.797303,1.2428495000000002,0.6415,0.004049777984619141
L1/002_vae_conv3x3_groupnorm_silu_residual_fused,c006,"batch_size=32, height=128, width=128",PASSED,15.199531499999999,18.106567,0.8394,0.004895925521850586
L1/002_vae_conv3x3_groupnorm_silu_residual_fused,c006,"batch_size=2, height=128, width=128",PASSED,1.248259,1.7574375,0.7103,0.00414884090423584
L1/002_vae_conv3x3_groupnorm_silu_residual_fused,c006,"batch_size=4, height=128, width=128",PASSED,2.1638655,2.729236,0.7928,0.004223823547363281
L1/002_vae_conv3x3_groupnorm_silu_residual_fused,c006,"batch_size=2, height=256, width=256",PASSED,4.666353,6.002819,0.7774,0.0044519901275634766
L1/002_vae_conv3x3_groupnorm_silu_residual_fused,c006,"batch_size=4, height=64, width=64",PASSED,0.613226,0.9049665,0.6776,0.004581451416015625
L1/002_vae_conv3x3_groupnorm_silu_residual_fused,c006,"batch_size=64, height=64, width=64",PASSED,7.638422,9.1341825,0.8362,0.004590034484863281
L1/002_vae_conv3x3_groupnorm_silu_residual_fused,c006,"batch_size=2, height=64, width=64",PASSED,0.3748285,0.5454825000000001,0.6872,0.004088878631591797
L1/002_vae_conv3x3_groupnorm_silu_residual_fused,c006,"batch_size=1, height=1024, width=1024",PASSED,45.976054500000004,57.0820975,0.8054,0.004922270774841309
L1/002_vae_conv3x3_groupnorm_silu_residual_fused,c006,"batch_size=1, height=293, width=293",PASSED,3.899648,5.8842875,0.6627,0.004483938217163086
L1/002_vae_conv3x3_groupnorm_silu_residual_fused,c006,"batch_size=4, height=256, width=256",PASSED,8.345468499999999,10.167613,0.8208,0.004676342010498047
L1/002_vae_conv3x3_groupnorm_silu_residual_fused,c006,"batch_size=32, height=64, width=64",PASSED,3.886593,4.776026,0.8138,0.0044820308685302734
L1/002_vae_conv3x3_groupnorm_silu_residual_fused,c006,"batch_size=8, height=64, width=64",PASSED,1.04788,1.4992524999999999,0.6989,0.0041506290435791016
L1/002_vae_conv3x3_groupnorm_silu_residual_fused,c006,"batch_size=1, height=768, width=768",PASSED,25.8860435,32.3056865,0.8013,0.004860877990722656
L1/002_vae_conv3x3_groupnorm_silu_residual_fused,c006,"batch_size=4, height=128, width=96",PASSED,1.70426,2.1889909999999997,0.7786,0.004165172576904297
L1/002_vae_conv3x3_groupnorm_silu_residual_fused,c006,"batch_size=4, height=96, width=128",PASSED,1.702419,2.1727030000000003,0.7835,0.00445866584777832
L1/002_vae_conv3x3_groupnorm_silu_residual_fused,c006,"batch_size=8, height=64, width=128",PASSED,2.033376,2.5592445,0.7945,0.004099607467651367
L1/002_vae_conv3x3_groupnorm_silu_residual_fused,c006,"batch_size=2, height=256, width=192",PASSED,3.600981,4.7225085,0.7625,0.004493236541748047
L1/005_conv_gated_projection_with_causal_conv,c003,"batch_size=2, seq_len=4096",PASSED,1.8803975,1.4216055,1.3227,0.125
L1/005_conv_gated_projection_with_causal_conv,c003,"batch_size=2, seq_len=1879",PASSED,0.927391,0.67522,1.3735,0.125
L1/005_conv_gated_projection_with_causal_conv,c003,"batch_size=16, seq_len=256",PASSED,1.0214535,0.7175235,1.4236,0.125
L1/005_conv_gated_projection_with_causal_conv,c003,"batch_size=2, seq_len=2048",PASSED,1.0077265,0.7188675,1.4018,0.125
L1/005_conv_gated_projection_with_causal_conv,c003,"batch_size=1, seq_len=2048",PASSED,0.5439105,0.39119349999999997,1.3904,0.125
L1/005_conv_gated_projection_with_causal_conv,c003,"batch_size=1, seq_len=256",INCORRECT_NUMERICAL,,,,0.0625
L1/005_conv_gated_projection_with_causal_conv,c003,"batch_size=32, seq_len=256",PASSED,1.874527,1.421767,1.3184,0.125
L1/005_conv_gated_projection_with_causal_conv,c003,"batch_size=1, seq_len=4096",PASSED,1.007999,0.718804,1.4023,0.125
L1/005_conv_gated_projection_with_causal_conv,c003,"batch_size=4, seq_len=512",PASSED,0.5378465,0.391385,1.3742,0.125
L1/005_conv_gated_projection_with_causal_conv,c003,"batch_size=2, seq_len=128",INCORRECT_NUMERICAL,,,,0.0625
L1/005_conv_gated_projection_with_causal_conv,c003,"batch_size=8, seq_len=997",PASSED,1.8268650000000002,1.3951764999999998,1.3094,0.125
L1/005_conv_gated_projection_with_causal_conv,c003,"batch_size=1, seq_len=8192",PASSED,1.9031995,1.4273675,1.3334,0.125
L1/005_conv_gated_projection_with_causal_conv,c003,"batch_size=1, seq_len=1024",PASSED,0.284027,0.211517,1.3428,0.125
L1/005_conv_gated_projection_with_causal_conv,c003,"batch_size=4, seq_len=541",PASSED,0.5543264999999999,0.405306,1.3677,0.125
L1/005_conv_gated_projection_with_causal_conv,c003,"batch_size=2, seq_len=1024",PASSED,0.540087,0.3912735,1.3803,0.125
L1/005_conv_gated_projection_with_causal_conv,c003,"batch_size=4, seq_len=256",PASSED,0.28791500000000003,0.211612,1.3606,0.125
L1/007_hyena_fft_size_padding_rfft,c001,"batch_size=8, seqlen=1024",PASSED,0.095278,1.7914555,0.0532,9.685754776000977e-08
L1/007_hyena_fft_size_padding_rfft,c001,"batch_size=16, seqlen=1423",PASSED,0.492407,5.0913465,0.0967,1.043081283569336e-07
L1/007_hyena_fft_size_padding_rfft,c001,"batch_size=2, seqlen=773",PASSED,0.09175849999999999,0.276731,0.3316,8.568167686462402e-08
L1/007_hyena_fft_size_padding_rfft,c001,"batch_size=64, seqlen=1571",PASSED,1.9939795,24.213749999999997,0.0823,1.0617077350616455e-07
L1/007_hyena_fft_size_padding_rfft,c001,"batch_size=8, seqlen=1321",PASSED,0.2187,2.4295875000000002,0.09,1.0803341865539551e-07
L1/007_hyena_fft_size_padding_rfft,c001,"batch_size=2, seqlen=256",PASSED,0.0847025,0.079167,1.0699,8.195638656616211e-08
L1/007_hyena_fft_size_padding_rfft,c001,"batch_size=64, seqlen=8192",PASSED,6.1175175,621.426839,0.0098,1.1548399925231934e-07
L1/007_hyena_fft_size_padding_rfft,c001,"batch_size=1, seqlen=131",PASSED,0.090783,0.067103,1.3529,8.940696716308594e-08
L1/007_hyena_fft_size_padding_rfft,c001,"batch_size=32, seqlen=4096",PASSED,1.4954485,74.2420885,0.0201,1.1362135410308838e-07
L1/007_hyena_fft_size_padding_rfft,c001,"batch_size=8, seqlen=1879",PASSED,0.3238515,4.453417,0.0727,9.499490261077881e-08
L1/007_hyena_fft_size_padding_rfft,c001,"batch_size=32, seqlen=1489",PASSED,0.9651045,11.273115,0.0856,1.0058283805847168e-07
L1/007_hyena_fft_size_padding_rfft,c001,"batch_size=16, seqlen=2048",PASSED,0.405273,9.5972385,0.0422,9.685754776000977e-08
L1/007_hyena_fft_size_padding_rfft,c001,"batch_size=4, seqlen=1801",PASSED,0.14030199999999998,2.436489,0.0576,8.940696716308594e-08
L1/007_hyena_fft_size_padding_rfft,c001,"batch_size=4, seqlen=512",PASSED,0.0862705,0.249788,0.3454,9.313225746154785e-08
L1/007_hyena_fft_size_padding_rfft,c001,"batch_size=2, seqlen=32768",PASSED,1.006432,341.62534500000004,0.0029,1.0337680578231812e-07
L1/007_hyena_fft_size_padding_rfft,c001,"batch_size=2, seqlen=211",PASSED,0.0907345,0.087263,1.0398,8.940696716308594e-08
L1/008_expert_output_weighted_index_add_accumulation,c001,"batch_size=2, seq_len=1024",PASSED,1.256826,0.800018,1.571,0.375
L1/008_expert_output_weighted_index_add_accumulation,c001,"batch_size=4, seq_len=541",PASSED,1.3327925,0.686804,1.9406,0.25
L1/008_expert_output_weighted_index_add_accumulation,c001,"batch_size=2, seq_len=128",PASSED,0.182413,0.109486,1.6661,0.1875
L1/008_expert_output_weighted_index_add_accumulation,c001,"batch_size=1, seq_len=8192",PASSED,5.3473135,2.615026,2.0448,0.25
L1/008_expert_output_weighted_index_add_accumulation,c001,"batch_size=4, seq_len=512",PASSED,1.251898,0.6462445,1.9372,0.25
L1/008_expert_output_weighted_index_add_accumulation,c001,"batch_size=1, seq_len=512",PASSED,0.33345,0.18545299999999998,1.798,0.25
L1/008_expert_output_weighted_index_add_accumulation,c001,"batch_size=16, seq_len=256",PASSED,2.614914,1.292809,2.0227,0.25
L1/008_expert_output_weighted_index_add_accumulation,c001,"batch_size=2, seq_len=512",PASSED,0.629461,0.333114,1.8896,0.1875
L1/008_expert_output_weighted_index_add_accumulation,c001,"batch_size=4, seq_len=256",PASSED,0.6269335,0.32937,1.9034,0.25
L1/008_expert_output_weighted_index_add_accumulation,c001,"batch_size=1, seq_len=131",PASSED,0.10902200000000001,0.071327,1.5285,0.25
L1/008_expert_output_weighted_index_add_accumulation,c001,"batch_size=1, seq_len=1024",PASSED,0.746387,0.412265,1.8105,0.25
L1/008_expert_output_weighted_index_add_accumulation,c001,"batch_size=2, seq_len=1879",PASSED,2.3944859999999997,1.2271305,1.9513,0.25
L1/008_expert_output_weighted_index_add_accumulation,c001,"batch_size=2, seq_len=256",PASSED,0.333098,0.185277,1.7978,0.25
L1/008_expert_output_weighted_index_add_accumulation,c001,"batch_size=1, seq_len=256",PASSED,0.18468449999999997,0.109678,1.6839,0.1875
L1/008_expert_output_weighted_index_add_accumulation,c001,"batch_size=64, seq_len=128",PASSED,5.355681000000001,2.6087215,2.053,0.25
L1/008_expert_output_weighted_index_add_accumulation,c001,"batch_size=32, seq_len=256",PASSED,5.3449455,2.590066,2.0636,0.25
L1/018_fused_rope_with_qk_norm_and_kv_cache_update,c003,"batch_size=1, seq_len=1, cache_len=0",PASSED,0.1509585,0.0088155,17.1242,0.0
L1/018_fused_rope_with_qk_norm_and_kv_cache_update,c003,"batch_size=1, seq_len=256, cache_len=128",PASSED,0.284253,0.020895,13.6039,0.03125
L1/018_fused_rope_with_qk_norm_and_kv_cache_update,c003,"batch_size=4, seq_len=1, cache_len=2048",PASSED,0.16076649999999998,0.0096,16.7465,0.015625
L1/018_fused_rope_with_qk_norm_and_kv_cache_update,c003,"batch_size=1, seq_len=128, cache_len=0",PASSED,0.218574,0.015232,14.3497,0.03125
L1/018_fused_rope_with_qk_norm_and_kv_cache_update,c003,"batch_size=2, seq_len=512, cache_len=256",PASSED,0.834487,0.053631,15.5598,0.03125
L1/018_fused_rope_with_qk_norm_and_kv_cache_update,c003,"batch_size=2, seq_len=128, cache_len=0",PASSED,0.289949,0.020735,13.9836,0.03125
L1/018_fused_rope_with_qk_norm_and_kv_cache_update,c003,"batch_size=1, seq_len=1024, cache_len=512",PASSED,0.8249195,0.0530555,15.5482,0.03125
L1/018_fused_rope_with_qk_norm_and_kv_cache_update,c003,"batch_size=1, seq_len=4096, cache_len=2048",PASSED,2.764563,0.18124649999999998,15.2531,0.03125
L1/018_fused_rope_with_qk_norm_and_kv_cache_update,c003,"batch_size=1, seq_len=2048, cache_len=0",PASSED,1.4631685,0.09608,15.2286,0.03125
L1/018_fused_rope_with_qk_norm_and_kv_cache_update,c003,"batch_size=1, seq_len=293, cache_len=131",PASSED,0.309917,0.022752,13.6215,0.03125
L1/018_fused_rope_with_qk_norm_and_kv_cache_update,c003,"batch_size=8, seq_len=128, cache_len=0",PASSED,0.84148,0.053151,15.8319,0.03125
L1/018_fused_rope_with_qk_norm_and_kv_cache_update,c003,"batch_size=8, seq_len=256, cache_len=1024",PASSED,1.4991694999999998,0.095631,15.6766,0.03125
L1/018_fused_rope_with_qk_norm_and_kv_cache_update,c003,"batch_size=1, seq_len=541, cache_len=0",PASSED,0.491435,0.034431500000000004,14.2728,0.03125
L1/053_gaussian_topk_sparse_activation,c002,"batch_size=1, seq_len=512, intermediate_size=12288",PASSED,0.8766885,0.0223035,39.3072,0.0078125
L1/053_gaussian_topk_sparse_activation,c002,"batch_size=4, seq_len=2048, intermediate_size=12288",PASSED,3.0658655,0.23382,13.1121,0.03125
L1/053_gaussian_topk_sparse_activation,c002,"batch_size=32, seq_len=128, intermediate_size=12288",PASSED,1.8875025,0.1216615,15.5144,0.015625
L1/053_gaussian_topk_sparse_activation,c002,"batch_size=2, seq_len=211, intermediate_size=8192",PASSED,0.7953135,0.01208,65.8372,0.00390625
L1/053_gaussian_topk_sparse_activation,c002,"batch_size=1, seq_len=8192, intermediate_size=4096",PASSED,1.592659,0.086767,18.3556,0.015625
L1/053_gaussian_topk_sparse_activation,c002,"batch_size=1, seq_len=1024, intermediate_size=16384",PASSED,1.1563634999999999,0.048351,23.916,0.0078125
L1/053_gaussian_topk_sparse_activation,c002,"batch_size=16, seq_len=1163, intermediate_size=8192",PASSED,4.301651,0.3524735,12.2042,0.03125
L1/053_gaussian_topk_sparse_activation,c002,"batch_size=4, seq_len=541, intermediate_size=8192",PASSED,1.146699,0.047472,24.1553,0.0078125
L1/053_gaussian_topk_sparse_activation,c002,"batch_size=4, seq_len=449, intermediate_size=4096",PASSED,0.930335,0.024271,38.3311,0.015625
L1/053_gaussian_topk_sparse_activation,c002,"batch_size=64, seq_len=1024, intermediate_size=8192",PASSED,13.335872,1.221498,10.9176,0.03125
L1/053_gaussian_topk_sparse_activation,c002,"batch_size=2, seq_len=131, intermediate_size=4096",PASSED,0.777682,0.007264,107.0597,0.015625
L1/053_gaussian_topk_sparse_activation,c002,"batch_size=2, seq_len=293, intermediate_size=12288",PASSED,0.900736,0.0244475,36.8437,0.0078125
L1/058_moe_expert_token_radix_sort_with_prefix_sum,c003,"batch_size=8, seq_len=256",PASSED,0.3106655,0.08756649999999999,3.5478,0.0
L1/058_moe_expert_token_radix_sort_with_prefix_sum,c003,"batch_size=64, seq_len=128",PASSED,0.32509699999999997,0.17263699999999998,1.8831,0.0
L1/058_moe_expert_token_radix_sort_with_prefix_sum,c003,"batch_size=2, seq_len=1024",PASSED,0.306362,0.08777399999999999,3.4904,0.0
L1/058_moe_expert_token_radix_sort_with_prefix_sum,c003,"batch_size=32, seq_len=128",PASSED,0.32401,0.118013,2.7455,0.0
L1/058_moe_expert_token_radix_sort_with_prefix_sum,c003,"batch_size=4, seq_len=512",PASSED,0.328202,0.08954999999999999,3.665,0.0
L1/058_moe_expert_token_radix_sort_with_prefix_sum,c003,"batch_size=1, seq_len=2048",PASSED,0.31418599999999997,0.0887345,3.5407,0.0
L1/058_moe_expert_token_radix_sort_with_prefix_sum,c003,"batch_size=4, seq_len=544",PASSED,0.314826,0.090478,3.4796,0.0
L1/058_moe_expert_token_radix_sort_with_prefix_sum,c003,"batch_size=2, seq_len=1056",PASSED,0.3183935,0.0900625,3.5353,0.0
L1/058_moe_expert_token_radix_sort_with_prefix_sum,c003,"batch_size=2, seq_len=1088",PASSED,0.321721,0.090686,3.5476,0.0
L1/058_moe_expert_token_radix_sort_with_prefix_sum,c003,"batch_size=2, seq_len=2048",PASSED,0.321194,0.1182055,2.7173,0.0
L1/058_moe_expert_token_radix_sort_with_prefix_sum,c003,"batch_size=1, seq_len=2080",PASSED,0.316058,0.090478,3.4932,0.0
L1/058_moe_expert_token_radix_sort_with_prefix_sum,c003,"batch_size=1, seq_len=2112",PASSED,0.31440999999999997,0.089918,3.4966,0.0
L1/058_moe_expert_token_radix_sort_with_prefix_sum,c003,"batch_size=2, seq_len=1120",PASSED,0.3141695,0.092254,3.4055,0.0
L1/058_moe_expert_token_radix_sort_with_prefix_sum,c003,"batch_size=1, seq_len=4096",PASSED,0.314538,0.116973,2.689,0.0
L1/058_moe_expert_token_radix_sort_with_prefix_sum,c003,"batch_size=4, seq_len=1024",PASSED,0.3204575,0.117101,2.7366,0.0
L1/058_moe_expert_token_radix_sort_with_prefix_sum,c003,"batch_size=8, seq_len=288",PASSED,0.313658,0.092574,3.3882,0.0
L1/070_mamba2_fused_intra_chunk_diagonal_computation,c001,"batch_size=4, num_chunks=7",PASSED,27.313427,0.095262,286.719,1.0
L1/070_mamba2_fused_intra_chunk_diagonal_computation,c001,"batch_size=1, num_chunks=8",PASSED,7.8891860000000005,0.035679,221.1157,1.0
L1/070_mamba2_fused_intra_chunk_diagonal_computation,c001,"batch_size=4, num_chunks=1",PASSED,4.125942,0.028255,146.0252,1.0
L1/070_mamba2_fused_intra_chunk_diagonal_computation,c001,"batch_size=2, num_chunks=8",PASSED,15.657271999999999,0.058175,269.1409,1.0
L1/070_mamba2_fused_intra_chunk_diagonal_computation,c001,"batch_size=1, num_chunks=4",PASSED,4.1203425,0.023871,172.6087,1.0
L1/070_mamba2_fused_intra_chunk_diagonal_computation,c001,"batch_size=1, num_chunks=2",PASSED,2.2289995,0.013248,168.2518,1.0
L1/070_mamba2_fused_intra_chunk_diagonal_computation,c001,"batch_size=1, num_chunks=3",PASSED,3.1701995,0.014399,220.168,1.0
L1/070_mamba2_fused_intra_chunk_diagonal_computation,c001,"batch_size=16, num_chunks=1",PASSED,15.675913000000001,0.0569275,275.3663,1.0
L1/070_mamba2_fused_intra_chunk_diagonal_computation,c001,"batch_size=2, num_chunks=2",PASSED,4.120055,0.0239515,172.0166,1.0
L1/070_mamba2_fused_intra_chunk_diagonal_computation,c001,"batch_size=4, num_chunks=16",PASSED,62.34104,0.199548,312.4112,1.0
L1/070_mamba2_fused_intra_chunk_diagonal_computation,c001,"batch_size=1, num_chunks=32",PASSED,31.1768185,0.105918,294.3486,1.0
L1/070_mamba2_fused_intra_chunk_diagonal_computation,c001,"batch_size=8, num_chunks=4",PASSED,31.1977975,0.1062385,293.6581,1.0
L1/070_mamba2_fused_intra_chunk_diagonal_computation,c001,"batch_size=4, num_chunks=4",PASSED,15.6652345,0.057983,270.1694,1.0
L1/070_mamba2_fused_intra_chunk_diagonal_computation,c001,"batch_size=2, num_chunks=4",PASSED,7.895496,0.0351035,224.9205,1.0
L1/092_gqa_attention_with_qk_norm,c002,"batch_size=1, seq_len=512",PASSED,1.6889625000000001,0.843089,2.0033,0.03125
L1/092_gqa_attention_with_qk_norm,c002,"batch_size=4, seq_len=128",PASSED,1.2668735,0.9629915,1.3156,0.03125
L1/092_gqa_attention_with_qk_norm,c002,"batch_size=2, seq_len=256",PASSED,1.446439,0.9910224999999999,1.4595,0.03125
L1/092_gqa_attention_with_qk_norm,c002,"batch_size=16, seq_len=256",PASSED,9.790617,5.07641,1.9286,0.03125
L1/092_gqa_attention_with_qk_norm,c002,"batch_size=8, seq_len=373",PASSED,9.1217015,3.9161425,2.3293,0.03125
L1/092_gqa_attention_with_qk_norm,c002,"batch_size=1, seq_len=2048",PASSED,13.315168,3.550484,3.7502,0.03125
L1/092_gqa_attention_with_qk_norm,c002,"batch_size=1, seq_len=1024",PASSED,4.3876865,1.636388,2.6813,0.03125
L1/092_gqa_attention_with_qk_norm,c002,"batch_size=2, seq_len=2048",PASSED,26.424049,6.7941565,3.8892,0.03125
L1/092_gqa_attention_with_qk_norm,c002,"batch_size=4, seq_len=512",PASSED,6.254197,2.7713125,2.2568,0.03125
L1/092_gqa_attention_with_qk_norm,c002,"batch_size=8, seq_len=512",PASSED,12.1264815,5.34314,2.2695,0.03125
L1/092_gqa_attention_with_qk_norm,c002,"batch_size=16, seq_len=128",PASSED,4.495075,2.571956,1.7477,0.03125
L1/092_gqa_attention_with_qk_norm,c002,"batch_size=4, seq_len=1024",PASSED,16.8063045,5.8148599999999995,2.8902,0.03125
L1/092_gqa_attention_with_qk_norm,c002,"batch_size=1, seq_len=128",PASSED,0.8444655000000001,0.3411145,2.4756,0.03125
L1/092_gqa_attention_with_qk_norm,c002,"batch_size=32, seq_len=256",PASSED,19.074095,9.997927,1.9078,0.03125
L1/092_gqa_attention_with_qk_norm,c002,"batch_size=2, seq_len=512",PASSED,3.27788,1.4961665000000002,2.1909,0.03125
L1/092_gqa_attention_with_qk_norm,c002,"batch_size=4, seq_len=293",PASSED,3.5397005,1.6381000000000001,2.1609,0.03125
L2/012_moe_expert_batched_execution_with_capacity_factor,c006,num_tokens=4096,PASSED,29.109610500000002,36.520139,0.7971,0.03125
L2/012_moe_expert_batched_execution_with_capacity_factor,c006,num_tokens=3072,PASSED,24.0507615,34.052426499999996,0.7063,0.03125
L2/012_moe_expert_batched_execution_with_capacity_factor,c006,num_tokens=1280,PASSED,14.3603095,16.6486165,0.8626,0.03125
L2/012_moe_expert_batched_execution_with_capacity_factor,c006,num_tokens=3089,PASSED,26.367461,34.074291,0.7738,0.03125
L2/012_moe_expert_batched_execution_with_capacity_factor,c006,num_tokens=1571,PASSED,15.790310999999999,17.3396735,0.9106,0.03125
L2/012_moe_expert_batched_execution_with_capacity_factor,c006,num_tokens=1312,PASSED,14.4554565,16.730823,0.864,0.0234375
L2/012_moe_expert_batched_execution_with_capacity_factor,c006,num_tokens=1344,PASSED,14.5671675,16.83143,0.8655,0.0234375
L2/012_moe_expert_batched_execution_with_capacity_factor,c006,num_tokens=1376,PASSED,14.6628155,16.881688,0.8686,0.03125
L2/012_moe_expert_batched_execution_with_capacity_factor,c006,num_tokens=8192,PASSED,56.097223,72.80240950000001,0.7705,0.03125
L2/012_moe_expert_batched_execution_with_capacity_factor,c006,num_tokens=1408,PASSED,14.762132000000001,16.9636155,0.8702,0.03125
L2/012_moe_expert_batched_execution_with_capacity_factor,c006,num_tokens=2048,PASSED,17.41879,18.507379,0.9412,0.03125
L2/012_moe_expert_batched_execution_with_capacity_factor,c006,num_tokens=1440,PASSED,15.447077499999999,17.165736000000003,0.8999,0.03125
L2/012_moe_expert_batched_execution_with_capacity_factor,c006,num_tokens=1536,PASSED,15.656225,17.254102000000003,0.9074,0.0390625
L2/012_moe_expert_batched_execution_with_capacity_factor,c006,num_tokens=1472,PASSED,15.432166,17.086744,0.9032,0.03125
L2/012_moe_expert_batched_execution_with_capacity_factor,c006,num_tokens=1504,PASSED,15.555235,17.188022500000002,0.905,0.0234375
L2/012_moe_expert_batched_execution_with_capacity_factor,c006,num_tokens=1568,PASSED,15.7782545,17.339652,0.91,0.03125
L2/030_flux_concatenated_sequence_processing_with_split,c002,"batch_size=2, text_seq_len=128, img_seq_len=256",PASSED,0.909137,1.911073,0.4757,1.5020370483398438e-05
L2/030_flux_concatenated_sequence_processing_with_split,c002,"batch_size=1, text_seq_len=256, img_seq_len=512",PASSED,0.9092175,1.548135,0.5873,1.430511474609375e-05
L2/030_flux_concatenated_sequence_processing_with_split,c002,"batch_size=2, text_seq_len=131, img_seq_len=293",PASSED,0.966592,2.287435,0.4226,1.9073486328125e-05
L2/030_flux_concatenated_sequence_processing_with_split,c002,"batch_size=1, text_seq_len=128, img_seq_len=256",PASSED,0.430777,1.535959,0.2805,4.5299530029296875e-06
L2/030_flux_concatenated_sequence_processing_with_split,c002,"batch_size=1, text_seq_len=77, img_seq_len=4096",PASSED,4.3683605,6.822032500000001,0.6403,1.6689300537109375e-05
L2/030_flux_concatenated_sequence_processing_with_split,c002,"batch_size=1, text_seq_len=512, img_seq_len=2048",PASSED,2.638997,3.826578,0.6896,1.4543533325195312e-05
L2/030_flux_concatenated_sequence_processing_with_split,c002,"batch_size=1, text_seq_len=77, img_seq_len=1024",PASSED,1.1920605,2.297867,0.5188,1.621246337890625e-05
L2/030_flux_concatenated_sequence_processing_with_split,c002,"batch_size=4, text_seq_len=77, img_seq_len=1024",PASSED,4.659523999999999,6.8288005,0.6823,1.7642974853515625e-05
L2/030_flux_concatenated_sequence_processing_with_split,c002,"batch_size=1, text_seq_len=1024, img_seq_len=4096",PASSED,5.236907,7.589637,0.69,1.71661376953125e-05
L2/030_flux_concatenated_sequence_processing_with_split,c002,"batch_size=16, text_seq_len=128, img_seq_len=256",PASSED,6.3848405,9.103580000000001,0.7014,1.52587890625e-05
L2/030_flux_concatenated_sequence_processing_with_split,c002,"batch_size=32, text_seq_len=256, img_seq_len=512",PASSED,25.032771,33.391001,0.7497,2.002716064453125e-05
L2/030_flux_concatenated_sequence_processing_with_split,c002,"batch_size=4, text_seq_len=256, img_seq_len=512",PASSED,3.2145574999999997,4.580536,0.7018,1.5497207641601562e-05
L2/030_flux_concatenated_sequence_processing_with_split,c002,"batch_size=2, text_seq_len=1423, img_seq_len=1489",PASSED,6.095248,9.096465,0.6701,1.5497207641601562e-05
L2/030_flux_concatenated_sequence_processing_with_split,c002,"batch_size=1, text_seq_len=1087, img_seq_len=1163",PASSED,2.3465705,3.8239395,0.6137,1.621246337890625e-05
L2/030_flux_concatenated_sequence_processing_with_split,c002,"batch_size=4, text_seq_len=211, img_seq_len=449",PASSED,2.9417619999999998,4.566936500000001,0.6441,1.5020370483398438e-05
L2/030_flux_concatenated_sequence_processing_with_split,c002,"batch_size=4, text_seq_len=128, img_seq_len=256",PASSED,1.7142935000000001,2.3111635,0.7417,1.5497207641601562e-05
L2/040_altup_predict_correction_cycle_backward,c012,"batch_size=64, seq_len=256",PASSED,37.155598,2.762801,13.4485,0.03125
L2/040_altup_predict_correction_cycle_backward,c012,"batch_size=1, seq_len=1024",PASSED,2.901216,0.345228,8.4038,0.03125
L2/040_altup_predict_correction_cycle_backward,c012,"batch_size=4, seq_len=293",PASSED,3.228492,0.38382,8.4115,0.03125
L2/040_altup_predict_correction_cycle_backward,c012,"batch_size=1, seq_len=256",PASSED,1.783068,0.38076350000000003,4.6829,0.015625
L2/040_altup_predict_correction_cycle_backward,c012,"batch_size=8, seq_len=373",PASSED,7.242927,0.639561,11.3248,0.03125
L2/040_altup_predict_correction_cycle_backward,c012,"batch_size=1, seq_len=512",PASSED,2.063705,0.387532,5.3253,0.03125
L2/040_altup_predict_correction_cycle_backward,c012,"batch_size=4, seq_len=256",PASSED,3.3863785,0.40193100000000004,8.4253,0.03125
L2/040_altup_predict_correction_cycle_backward,c012,"batch_size=8, seq_len=256",PASSED,5.3261009999999995,0.6016090000000001,8.8531,0.03125
L2/040_altup_predict_correction_cycle_backward,c012,"batch_size=16, seq_len=512",PASSED,18.969103500000003,1.4215360000000001,13.3441,0.03125
L2/040_altup_predict_correction_cycle_backward,c012,"batch_size=16, seq_len=256",PASSED,9.784165,0.854407,11.4514,0.03125
L2/040_altup_predict_correction_cycle_backward,c012,"batch_size=4, seq_len=1024",PASSED,9.783781999999999,0.8477185,11.5413,0.03125
L2/040_altup_predict_correction_cycle_backward,c012,"batch_size=8, seq_len=512",PASSED,9.7802145,0.8575904999999999,11.4043,0.03125
L2/040_altup_predict_correction_cycle_backward,c012,"batch_size=64, seq_len=613",PASSED,88.0113535,6.358125,13.8423,0.03125
L2/040_altup_predict_correction_cycle_backward,c012,"batch_size=16, seq_len=449",PASSED,16.6918345,1.334499,12.5079,0.03125
L2/040_altup_predict_correction_cycle_backward,c012,"batch_size=2, seq_len=512",PASSED,2.8956355,0.345245,8.3872,0.03125
L2/040_altup_predict_correction_cycle_backward,c012,"batch_size=64, seq_len=128",PASSED,18.964948,1.411778,13.4334,0.03125
L2/043_mamba_chunk_scan_with_segsum,c007,"batch_size=1, seq_len=1024",PASSED,1.4323380000000001,0.08382200000000001,17.0879,1.0
L2/043_mamba_chunk_scan_with_segsum,c007,"batch_size=1, seq_len=997",PASSED,1.6283020000000001,0.08340600000000001,19.5226,1.0
L2/043_mamba_chunk_scan_with_segsum,c007,"batch_size=16, seq_len=512",PASSED,5.7269845,0.29808999999999997,19.2123,1.0
L2/043_mamba_chunk_scan_with_segsum,c007,"batch_size=1, seq_len=256",PASSED,1.126665,0.0606075,18.5895,1.0
L2/043_mamba_chunk_scan_with_segsum,c007,"batch_size=4, seq_len=541",PASSED,2.7693345000000003,0.12270149999999999,22.5697,1.0
L2/043_mamba_chunk_scan_with_segsum,c007,"batch_size=4, seq_len=1879",PASSED,6.3797385,0.245275,26.0106,2.0
L2/043_mamba_chunk_scan_with_segsum,c007,"batch_size=4, seq_len=256",PASSED,1.4246910000000002,0.0838065,16.9998,1.0
L2/043_mamba_chunk_scan_with_segsum,c007,"batch_size=2, seq_len=512",PASSED,1.457138,0.08379,17.3904,1.0
L2/043_mamba_chunk_scan_with_segsum,c007,"batch_size=8, seq_len=1024",PASSED,5.66417,0.288298,19.6469,1.0
L2/043_mamba_chunk_scan_with_segsum,c007,"batch_size=1, seq_len=4096",PASSED,3.0704965,0.1815965,16.9083,2.0
L2/043_mamba_chunk_scan_with_segsum,c007,"batch_size=16, seq_len=256",PASSED,3.589237,0.17495650000000001,20.515,1.0
L2/043_mamba_chunk_scan_with_segsum,c007,"batch_size=32, seq_len=256",PASSED,5.602283,0.311033,18.0119,1.0
L2/043_mamba_chunk_scan_with_segsum,c007,"batch_size=2, seq_len=293",PASSED,1.6462379999999999,0.0821745,20.0334,1.0
L2/043_mamba_chunk_scan_with_segsum,c007,"batch_size=4, seq_len=2048",PASSED,5.615692,0.251771,22.3048,2.0
L2/043_mamba_chunk_scan_with_segsum,c007,"batch_size=2, seq_len=1321",PASSED,3.2519964999999997,0.12523,25.9682,2.0
L2/043_mamba_chunk_scan_with_segsum,c007,"batch_size=4, seq_len=1024",PASSED,3.109184,0.157101,19.791,1.0
L2/049_group_limited_topk_routing,c013,num_tokens=2048,PASSED,0.6258595,0.1787005,3.5023,2.4437904357910156e-06
L2/049_group_limited_topk_routing,c013,num_tokens=2080,PASSED,0.668467,0.1795965,3.722,2.384185791015625e-06
L2/049_group_limited_topk_routing,c013,num_tokens=3557,PASSED,0.9290535,0.197884,4.6949,2.682209014892578e-06
L2/049_group_limited_topk_routing,c013,num_tokens=4093,PASSED,0.873678,0.1844605,4.7364,2.7418136596679688e-06
L2/049_group_limited_topk_routing,c013,num_tokens=2112,PASSED,0.6691705,0.17964449999999998,3.725,3.337860107421875e-06
L2/049_group_limited_topk_routing,c013,num_tokens=2144,PASSED,0.647203,0.1748285,3.7019,3.2782554626464844e-06
L2/049_group_limited_topk_routing,c013,num_tokens=6144,PASSED,1.48781,0.260331,5.7151,32.0
L2/049_group_limited_topk_routing,c013,num_tokens=16384,PASSED,3.2018874999999998,0.600196,5.3347,190.0
L2/049_group_limited_topk_routing,c013,num_tokens=2176,PASSED,0.5495414999999999,0.1532285,3.5864,2.9802322387695312e-06
L2/049_group_limited_topk_routing,c013,num_tokens=3169,PASSED,0.873918,0.199212,4.3869,2.9802322387695312e-06
L2/049_group_limited_topk_routing,c013,num_tokens=8192,PASSED,2.133221,0.368345,5.7914,2.8014183044433594e-06
L2/049_group_limited_topk_routing,c013,num_tokens=2208,PASSED,0.5553965000000001,0.152621,3.6391,133.0
L2/049_group_limited_topk_routing,c013,num_tokens=2240,PASSED,0.6783705,0.180076,3.7671,2.592802047729492e-06
L2/049_group_limited_topk_routing,c013,num_tokens=12288,PASSED,3.0223554999999998,0.46013499999999996,6.5684,85.0
L2/049_group_limited_topk_routing,c013,num_tokens=2851,PASSED,0.6495869999999999,0.15999649999999999,4.06,1.0
L2/049_group_limited_topk_routing,c013,num_tokens=2272,PASSED,0.688114,0.1803165,3.8161,1.9669532775878906e-06
L2/057_residual_coupling_flow_block,c003,"batch_size=2, time=293",PASSED,1.010882,1.4362045,0.7039,0.007568359375
L2/057_residual_coupling_flow_block,c003,"batch_size=8, time=768",PASSED,2.3148,5.344423000000001,0.4331,0.0087890625
L2/057_residual_coupling_flow_block,c003,"batch_size=16, time=2447",PASSED,13.855396500000001,31.0036405,0.4469,0.015625
L2/057_residual_coupling_flow_block,c003,"batch_size=2, time=256",PASSED,0.990131,1.6764095,0.5906,0.00830078125
L2/057_residual_coupling_flow_block,c003,"batch_size=64, time=8192",PASSED,67.8355505,391.166556,0.1734,0.017578125
L2/057_residual_coupling_flow_block,c003,"batch_size=64, time=3637",PASSED,31.197727999999998,180.119346,0.1732,0.017578125
L2/057_residual_coupling_flow_block,c003,"batch_size=16, time=2048",PASSED,12.4175705,25.2259205,0.4923,0.015625
L2/057_residual_coupling_flow_block,c003,"batch_size=1, time=128",PASSED,0.915221,1.6721075,0.5473,0.006591796875
L2/057_residual_coupling_flow_block,c003,"batch_size=4, time=1087",PASSED,1.5875645,3.626532,0.4378,0.008056640625
L2/057_residual_coupling_flow_block,c003,"batch_size=16, time=1536",PASSED,9.860039,19.0084705,0.5187,0.015625
L2/057_residual_coupling_flow_block,c003,"batch_size=2, time=691",PASSED,1.888105,2.429474,0.7772,0.00830078125
L2/057_residual_coupling_flow_block,c003,"batch_size=4, time=384",PASSED,1.8926805,2.3655549999999996,0.8001,0.00848388671875
L2/057_residual_coupling_flow_block,c003,"batch_size=8, time=1721",PASSED,9.377147,10.592941,0.8852,0.0146484375
L2/057_residual_coupling_flow_block,c003,"batch_size=8, time=1024",PASSED,6.734108,7.0186165,0.9595,0.0146484375
L2/057_residual_coupling_flow_block,c003,"batch_size=4, time=2689",PASSED,13.564568000000001,8.950944499999999,1.5154,0.0146484375
L2/057_residual_coupling_flow_block,c003,"batch_size=4, time=541",PASSED,1.532349,2.533632,0.6048,0.0079345703125
L2/080_moe_complete_layer_with_shared_expert_backward,c001,batch_seq_len=384,PASSED,1.285031,0.36871299999999996,3.4852,1.0
L2/080_moe_complete_layer_with_shared_expert_backward,c001,batch_seq_len=6144,PASSED,15.523075500000001,3.227089,4.8102,2.0
L2/080_moe_complete_layer_with_shared_expert_backward,c001,batch_seq_len=8192,PASSED,20.563466,4.595046999999999,4.4751,2.0
L2/080_moe_complete_layer_with_shared_expert_backward,c001,batch_seq_len=3719,PASSED,9.572429,1.8859165,5.0757,2.0
L2/080_moe_complete_layer_with_shared_expert_backward,c001,batch_seq_len=512,PASSED,1.603811,0.4297035,3.7324,1.0
L2/080_moe_complete_layer_with_shared_expert_backward,c001,batch_seq_len=192,PASSED,0.9752775,0.28525849999999997,3.4189,0.5
L2/080_moe_complete_layer_with_shared_expert_backward,c001,batch_seq_len=211,PASSED,0.9520465,0.293034,3.2489,1.0
L2/080_moe_complete_layer_with_shared_expert_backward,c001,batch_seq_len=3072,PASSED,7.947934,1.548227,5.1336,2.0
L2/080_moe_complete_layer_with_shared_expert_backward,c001,batch_seq_len=4093,PASSED,10.455249,2.0817055,5.0224,2.0
L2/080_moe_complete_layer_with_shared_expert_backward,c001,batch_seq_len=1879,PASSED,4.9724045,1.0220455,4.8651,1.0
L2/080_moe_complete_layer_with_shared_expert_backward,c001,batch_seq_len=3089,PASSED,8.020174,1.569268,5.1108,2.0
L2/080_moe_complete_layer_with_shared_expert_backward,c001,batch_seq_len=2053,PASSED,5.4499815,1.103932,4.9369,1.0
L2/080_moe_complete_layer_with_shared_expert_backward,c001,batch_seq_len=997,PASSED,2.839964,0.5786935,4.9075,1.0
L2/080_moe_complete_layer_with_shared_expert_backward,c001,batch_seq_len=1571,PASSED,4.238595,0.8613925,4.9206,1.0
L2/080_moe_complete_layer_with_shared_expert_backward,c001,batch_seq_len=1321,PASSED,3.634638,0.823793,4.4121,1.25
L2/080_moe_complete_layer_with_shared_expert_backward,c001,batch_seq_len=293,PASSED,1.337112,0.322058,4.1518,1.0
