task,batch,idx,axes,ref_ms,sol_ms,speedup,status,geomean
flashinfer/gemm_n4096_k4096,1sample,1,"{""M"": 256}",0.034144960083067416,0.12105088032782078,0.28207114223869034,PASSED,0.35755083285907
flashinfer/gemm_n4096_k4096,1sample,2,"{""M"": 248}",0.03466688014566898,0.12035231992602348,0.28804496803200424,PASSED,0.35755083285907
flashinfer/gemm_n4096_k4096,1sample,3,"{""M"": 240}",0.03289664003998041,0.12229888014495373,0.2689856195002762,PASSED,0.35755083285907
flashinfer/gemm_n4096_k4096,1sample,4,"{""M"": 232}",0.033464319966733456,0.12178399987518787,0.2747842081146116,PASSED,0.35755083285907
flashinfer/gemm_n4096_k4096,1sample,5,"{""M"": 224}",0.03153920004144311,0.11625631973147392,0.271290198367638,PASSED,0.35755083285907
flashinfer/gemm_n4096_k4096,1sample,6,"{""M"": 216}",0.03270752007141709,0.11354399994015693,0.2880603122019262,PASSED,0.35755083285907
flashinfer/gemm_n4096_k4096,1sample,7,"{""M"": 208}",0.031171520221978426,0.10527456015348434,0.2960973684101089,PASSED,0.35755083285907
flashinfer/gemm_n4096_k4096,1sample,8,"{""M"": 200}",0.03199296010658145,0.10396863974630832,0.30771740579319684,PASSED,0.35755083285907
flashinfer/gemm_n4096_k4096,1sample,9,"{""M"": 192}",0.030327680073678493,0.08101696021854878,0.37433742258247543,PASSED,0.35755083285907
flashinfer/gemm_n4096_k4096,1sample,10,"{""M"": 184}",0.031481279991567135,0.08151072002947331,0.38622257268962756,PASSED,0.35755083285907
flashinfer/gemm_n4096_k4096,1sample,11,"{""M"": 176}",0.03004320003092289,0.08141184017062188,0.36902740397414846,PASSED,0.35755083285907
flashinfer/gemm_n4096_k4096,1sample,12,"{""M"": 168}",0.03090368002653122,0.08117471985518933,0.38070571825392774,PASSED,0.35755083285907
flashinfer/gemm_n4096_k4096,1sample,13,"{""M"": 160}",0.029447039999067785,0.08031135991215706,0.3666609559503956,PASSED,0.35755083285907
flashinfer/gemm_n4096_k4096,1sample,14,"{""M"": 152}",0.03104415999725461,0.08020319998264312,0.3870688451828969,PASSED,0.35755083285907
flashinfer/gemm_n4096_k4096,1sample,15,"{""M"": 144}",0.028928639926016332,0.08083136014640331,0.35788881782541115,PASSED,0.35755083285907
flashinfer/gemm_n4096_k4096,1sample,16,"{""M"": 136}",0.029726720061153174,0.07941247992217541,0.37433310344023374,PASSED,0.35755083285907
flashinfer/gemm_n4096_k4096,1sample,17,"{""M"": 128}",0.02841504005715251,0.09590943895280361,0.2962694847077081,PASSED,0.35755083285907
flashinfer/gemm_n4096_k4096,1sample,18,"{""M"": 120}",0.028266879972070457,0.07210592038929463,0.39201884976239987,PASSED,0.35755083285907
flashinfer/gemm_n4096_k4096,1sample,19,"{""M"": 112}",0.028225919976830483,0.07194463990628719,0.3923283237444328,PASSED,0.35755083285907
flashinfer/gemm_n4096_k4096,1sample,20,"{""M"": 104}",0.02803008001297712,0.07216576017439365,0.38841245412284797,PASSED,0.35755083285907
flashinfer/gemm_n4096_k4096,1sample,21,"{""M"": 96}",0.027953279949724675,0.07201856024563312,0.3881399441253012,PASSED,0.35755083285907
flashinfer/gemm_n4096_k4096,1sample,22,"{""M"": 88}",0.027891840040683746,0.07369056038558483,0.3784994970148155,PASSED,0.35755083285907
flashinfer/gemm_n4096_k4096,1sample,23,"{""M"": 80}",0.027788800038397312,0.07076991982758045,0.3926640033802534,PASSED,0.35755083285907
flashinfer/gemm_n4096_k4096,1sample,24,"{""M"": 72}",0.028533760011196136,0.07111039996147156,0.4012600129749806,PASSED,0.35755083285907
flashinfer/gemm_n4096_k4096,1sample,25,"{""M"": 64}",0.027171199917793275,0.06582399986684323,0.4127856096979593,PASSED,0.35755083285907
flashinfer/gemm_n4096_k4096,1sample,26,"{""M"": 56}",0.028243200033903123,0.06547871991991996,0.4313340283445426,PASSED,0.35755083285907
flashinfer/gemm_n4096_k4096,1sample,27,"{""M"": 48}",0.027437760047614574,0.06582719989120961,0.41681493505663364,PASSED,0.35755083285907
flashinfer/gemm_n4096_k4096,1sample,28,"{""M"": 40}",0.026896000020205976,0.06486944004893302,0.4146174223165406,PASSED,0.35755083285907
flashinfer/gemm_n4096_k4096,1sample,29,"{""M"": 32}",0.02688223998993635,0.06475008010864258,0.41516921592732076,PASSED,0.35755083285907
flashinfer/gemm_n4096_k4096,1sample,30,"{""M"": 24}",0.02682656006887555,0.06492991983890534,0.41316176171838354,PASSED,0.35755083285907
flashinfer/gemm_n4096_k4096,1sample,31,"{""M"": 16}",0.028902720008045436,0.06484863974153995,0.4456950850972327,PASSED,0.35755083285907
flashinfer/gemm_n4096_k4096,1sample,32,"{""M"": 8}",0.026675199959427118,0.06433760028332472,0.41461291440708126,PASSED,0.35755083285907
flashinfer/gemm_n4096_k4096,1sample,33,"{""M"": 4}",0.02828192001208663,0.06419935993850232,0.44053274112356217,PASSED,0.35755083285907
flashinfer/gemm_n4096_k4096,1sample,34,"{""M"": 2}",0.028259199932217597,0.064243200160563,0.43987845969051037,PASSED,0.35755083285907
flashinfer/gemm_n4096_k4096,1sample,35,"{""M"": 1}",0.028447999879717828,0.06477248039096593,0.4391988651354099,PASSED,0.35755083285907
flashinfer/gemm_n4096_k4096,1sample,36,"{""M"": 7}",0.028431680034846068,0.06472255982458591,0.43928546880566727,PASSED,0.35755083285907
flashinfer/gemm_n4096_k4096,1sample,37,"{""M"": 35}",0.027263680081814526,0.0649728001654148,0.4196168244619855,PASSED,0.35755083285907
flashinfer/gemm_n4096_k4096,1sample,38,"{""M"": 972}",0.0669251199811697,0.3290147200226784,0.20341071662859544,PASSED,0.35755083285907
flashinfer/gemm_n4096_k4096,1sample,39,"{""M"": 70}",0.028237439952790738,0.07791775986552238,0.36240056184271086,PASSED,0.35755083285907
flashinfer/gemm_n4096_k4096,1sample,40,"{""M"": 2053}",0.16388287976384164,0.6027276802062989,0.2719020299644253,PASSED,0.35755083285907
flashinfer/gemm_n4096_k4096,1sample,41,"{""M"": 8192}",0.6305673593282699,2.5983305740356446,0.2426817301960515,PASSED,0.35755083285907
flashinfer/gemm_n4096_k4096,1sample,42,"{""M"": 2379}",0.18927295953035356,0.6893020790815353,0.27458637551558157,PASSED,0.35755083285907
flashinfer/gemm_n4096_k4096,1sample,43,"{""M"": 15}",0.03087359990924597,0.06867039985954762,0.4495910897911197,PASSED,0.35755083285907
flashinfer/rmsnorm_h4096,1sample,1,"{""batch_size"": 7}",0.07897311970591545,0.08475904002785682,0.931736835150094,PASSED,1.3844933455426205
flashinfer/rmsnorm_h4096,1sample,2,"{""batch_size"": 1}",0.07740672022104263,0.0840182401239872,0.9213085171364237,PASSED,1.3844933455426205
flashinfer/rmsnorm_h4096,1sample,3,"{""batch_size"": 34}",0.07782335966825485,0.08486048027873039,0.9170742306977099,PASSED,1.3844933455426205
flashinfer/rmsnorm_h4096,1sample,4,"{""batch_size"": 170}",0.07651423998177051,0.08440352007746696,0.9065290157512917,PASSED,1.3844933455426205
flashinfer/rmsnorm_h4096,1sample,5,"{""batch_size"": 14418}",0.9793593603372573,0.3397254392504692,2.8827966563175313,PASSED,1.3844933455426205
flashinfer/rmsnorm_h4096,1sample,6,"{""batch_size"": 11832}",0.8337507212162018,0.2901257601380348,2.873756266315419,PASSED,1.3844933455426205
flashinfer/rmsnorm_h4096,1sample,7,"{""batch_size"": 64}",0.07761152051389217,0.08424543991684913,0.9212548547493528,PASSED,1.3844933455426205
flashinfer/rmsnorm_h4096,1sample,8,"{""batch_size"": 16}",0.07749696001410485,0.082500159740448,0.9393552722554283,PASSED,1.3844933455426205
flashinfer/rmsnorm_h4096,1sample,9,"{""batch_size"": 10827}",0.7497174394130707,0.2700137594342232,2.7765897596626217,PASSED,1.3844933455426205
flashinfer/rmsnorm_h4096,1sample,10,"{""batch_size"": 8804}",0.630836478471756,0.22909311980009078,2.753624722655272,PASSED,1.3844933455426205
flashinfer/rmsnorm_h4096,1sample,11,"{""batch_size"": 63}",0.08134400025010109,0.08399520017206669,0.9684362925913084,PASSED,1.3844933455426205
flashinfer/rmsnorm_h4096,1sample,12,"{""batch_size"": 79}",0.07791392028331756,0.08425952017307281,0.9246898169284479,PASSED,1.3844933455426205
flashinfer/rmsnorm_h4096,1sample,13,"{""batch_size"": 14509}",0.9947740828990936,0.3409587207436562,2.9175792328450134,PASSED,1.3844933455426205
flashinfer/rmsnorm_h4096,1sample,14,"{""batch_size"": 15}",0.07730655990540981,0.08310143992304803,0.9302673934049245,PASSED,1.3844933455426205
SOL/L1/008_expert_output_weighted_index_add_accumulation,1sample,1,"{""batch_size"": 2, ""seq_len"": 1024}",0.415408,0.10208,4.069435736677116,PASSED,2.821701691609896
SOL/L1/008_expert_output_weighted_index_add_accumulation,1sample,2,"{""batch_size"": 4, ""seq_len"": 541}",0.43945599999999996,0.107488,4.0884191723727294,PASSED,2.821701691609896
SOL/L1/008_expert_output_weighted_index_add_accumulation,1sample,3,"{""batch_size"": 2, ""seq_len"": 128}",0.055519,0.040928,1.3565041047693511,PASSED,2.821701691609896
SOL/L1/008_expert_output_weighted_index_add_accumulation,1sample,4,"{""batch_size"": 1, ""seq_len"": 8192}",1.7413285,0.402752,4.323575053631019,PASSED,2.821701691609896
SOL/L1/008_expert_output_weighted_index_add_accumulation,1sample,5,"{""batch_size"": 4, ""seq_len"": 512}",0.4163355,0.10192,4.084924450549451,PASSED,2.821701691609896
SOL/L1/008_expert_output_weighted_index_add_accumulation,1sample,6,"{""batch_size"": 1, ""seq_len"": 512}",0.1084,0.054639499999999994,1.9839127371224117,PASSED,2.821701691609896
SOL/L1/008_expert_output_weighted_index_add_accumulation,1sample,7,"{""batch_size"": 16, ""seq_len"": 256}",0.8512,0.19772849999999997,4.304892820205484,PASSED,2.821701691609896
SOL/L1/008_expert_output_weighted_index_add_accumulation,1sample,8,"{""batch_size"": 2, ""seq_len"": 512}",0.210176,0.06833600000000001,3.0756263170217744,PASSED,2.821701691609896
SOL/L1/008_expert_output_weighted_index_add_accumulation,1sample,9,"{""batch_size"": 4, ""seq_len"": 256}",0.210688,0.06848,3.0766355140186916,PASSED,2.821701691609896
SOL/L1/008_expert_output_weighted_index_add_accumulation,1sample,10,"{""batch_size"": 1, ""seq_len"": 131}",0.0306885,0.039008,0.7867232362592289,PASSED,2.821701691609896
SOL/L1/008_expert_output_weighted_index_add_accumulation,1sample,11,"{""batch_size"": 1, ""seq_len"": 1024}",0.21022400000000002,0.068896,3.0513237343241992,PASSED,2.821701691609896
SOL/L1/008_expert_output_weighted_index_add_accumulation,1sample,12,"{""batch_size"": 2, ""seq_len"": 1879}",0.77888,0.182368,4.2709247236357255,PASSED,2.821701691609896
SOL/L1/008_expert_output_weighted_index_add_accumulation,1sample,13,"{""batch_size"": 2, ""seq_len"": 256}",0.109216,0.053376,2.0461630695443644,PASSED,2.821701691609896
SOL/L1/008_expert_output_weighted_index_add_accumulation,1sample,14,"{""batch_size"": 1, ""seq_len"": 256}",0.0558715,0.04384,1.2744411496350365,PASSED,2.821701691609896
SOL/L1/008_expert_output_weighted_index_add_accumulation,1sample,15,"{""batch_size"": 64, ""seq_len"": 128}",1.744577,0.402944,4.329576814644218,PASSED,2.821701691609896
SOL/L1/008_expert_output_weighted_index_add_accumulation,1sample,16,"{""batch_size"": 32, ""seq_len"": 256}",1.7482085,0.403632,4.331194008403695,PASSED,2.821701691609896
SOL/L1/053_gaussian_topk_sparse_activation,7samples,1,"{""batch_size"": 1, ""seq_len"": 512, ""intermediate_size"": 12288}",12.495799,0.0660645,189.1454411976175,PASSED,12.935510504266453
SOL/L1/053_gaussian_topk_sparse_activation,7samples,2,"{""batch_size"": 4, ""seq_len"": 2048, ""intermediate_size"": 12288}",13.8557545,1.036067,13.373415522355213,PASSED,12.935510504266453
SOL/L1/053_gaussian_topk_sparse_activation,7samples,3,"{""batch_size"": 32, ""seq_len"": 128, ""intermediate_size"": 12288}",1.2738275,0.47528099999999995,2.680156581054155,PASSED,12.935510504266453
SOL/L1/053_gaussian_topk_sparse_activation,7samples,4,"{""batch_size"": 2, ""seq_len"": 211, ""intermediate_size"": 8192}",0.585234,0.153888,3.80298658764816,PASSED,12.935510504266453
SOL/L1/053_gaussian_topk_sparse_activation,7samples,5,"{""batch_size"": 1, ""seq_len"": 8192, ""intermediate_size"": 4096}",13.806809999999999,0.3837605,35.97767357505527,PASSED,12.935510504266453
SOL/L1/053_gaussian_topk_sparse_activation,7samples,6,"{""batch_size"": 1, ""seq_len"": 1024, ""intermediate_size"": 16384}",12.695223,0.176081,72.09876704471239,PASSED,12.935510504266453
SOL/L1/053_gaussian_topk_sparse_activation,7samples,7,"{""batch_size"": 16, ""seq_len"": 1163, ""intermediate_size"": 8192}",2.923369,1.4512844999999999,2.0143321312947258,PASSED,12.935510504266453
SOL/L1/053_gaussian_topk_sparse_activation,7samples,8,"{""batch_size"": 4, ""seq_len"": 541, ""intermediate_size"": 8192}",0.805218,0.174048,4.626413403199117,PASSED,12.935510504266453
SOL/L1/053_gaussian_topk_sparse_activation,7samples,9,"{""batch_size"": 4, ""seq_len"": 449, ""intermediate_size"": 4096}",0.6470739999999999,0.11790400000000001,5.48814289591532,PASSED,12.935510504266453
SOL/L1/053_gaussian_topk_sparse_activation,7samples,10,"{""batch_size"": 64, ""seq_len"": 1024, ""intermediate_size"": 8192}",25.8702565,13.6308905,1.8979138963811646,PASSED,12.935510504266453
SOL/L1/053_gaussian_topk_sparse_activation,7samples,11,"{""batch_size"": 2, ""seq_len"": 131, ""intermediate_size"": 4096}",13.151864,0.020976,626.9958047292142,PASSED,12.935510504266453
SOL/L1/053_gaussian_topk_sparse_activation,7samples,12,"{""batch_size"": 2, ""seq_len"": 293, ""intermediate_size"": 12288}",0.6313775,0.117088,5.392333116971851,PASSED,12.935510504266453
SOL/L1/058_moe_expert_token_radix_sort_with_prefix_sum,7samples,1,"{""batch_size"": 8, ""seq_len"": 256}",5.002545,0.141216,35.42477481305234,PASSED,6.748113492677049
SOL/L1/058_moe_expert_token_radix_sort_with_prefix_sum,7samples,2,"{""batch_size"": 64, ""seq_len"": 128}",5.364482000000001,0.18713649999999998,28.66614476598633,PASSED,6.748113492677049
SOL/L1/058_moe_expert_token_radix_sort_with_prefix_sum,7samples,3,"{""batch_size"": 2, ""seq_len"": 1024}",0.219633,0.09153649999999999,2.3994035166299783,PASSED,6.748113492677049
SOL/L1/058_moe_expert_token_radix_sort_with_prefix_sum,7samples,4,"{""batch_size"": 32, ""seq_len"": 128}",5.036145,0.11312050000000001,44.520179808257566,PASSED,6.748113492677049
SOL/L1/058_moe_expert_token_radix_sort_with_prefix_sum,7samples,5,"{""batch_size"": 4, ""seq_len"": 512}",5.290898,0.1325285,39.9227185096036,PASSED,6.748113492677049
SOL/L1/058_moe_expert_token_radix_sort_with_prefix_sum,7samples,6,"{""batch_size"": 1, ""seq_len"": 2048}",0.1947845,0.12801600000000002,1.5215637107861515,PASSED,6.748113492677049
SOL/L1/058_moe_expert_token_radix_sort_with_prefix_sum,7samples,7,"{""batch_size"": 4, ""seq_len"": 544}",0.19228849999999997,0.1294565,1.485352222561246,PASSED,6.748113492677049
SOL/L1/058_moe_expert_token_radix_sort_with_prefix_sum,7samples,8,"{""batch_size"": 2, ""seq_len"": 1056}",0.2178725,0.142064,1.533622170289447,PASSED,6.748113492677049
SOL/L1/058_moe_expert_token_radix_sort_with_prefix_sum,7samples,9,"{""batch_size"": 2, ""seq_len"": 1088}",0.22958450000000002,0.142896,1.606654489978726,PASSED,6.748113492677049
SOL/L1/058_moe_expert_token_radix_sort_with_prefix_sum,7samples,10,"{""batch_size"": 2, ""seq_len"": 2048}",5.3601945,0.1455365,36.830585454507975,PASSED,6.748113492677049
SOL/L1/058_moe_expert_token_radix_sort_with_prefix_sum,7samples,11,"{""batch_size"": 1, ""seq_len"": 2080}",5.017137,0.092064,54.49618743482795,PASSED,6.748113492677049
SOL/L1/058_moe_expert_token_radix_sort_with_prefix_sum,7samples,12,"{""batch_size"": 1, ""seq_len"": 2112}",5.039425,0.1025285,49.151455448972726,PASSED,6.748113492677049
SOL/L1/058_moe_expert_token_radix_sort_with_prefix_sum,7samples,13,"{""batch_size"": 2, ""seq_len"": 1120}",0.2056165,0.09897700000000001,2.077416975661012,PASSED,6.748113492677049
SOL/L1/058_moe_expert_token_radix_sort_with_prefix_sum,7samples,14,"{""batch_size"": 1, ""seq_len"": 4096}",0.22692800000000002,0.143649,1.5797395039297177,PASSED,6.748113492677049
SOL/L1/058_moe_expert_token_radix_sort_with_prefix_sum,7samples,15,"{""batch_size"": 4, ""seq_len"": 1024}",0.2275045,0.144736,1.5718584180853414,PASSED,6.748113492677049
SOL/L1/058_moe_expert_token_radix_sort_with_prefix_sum,7samples,16,"{""batch_size"": 8, ""seq_len"": 288}",0.221105,0.146768,1.5064932410334677,PASSED,6.748113492677049
SOL/L2/030_flux_concatenated_sequence_processing_with_split,7samples,1,"{""batch_size"": 2, ""text_seq_len"": 128, ""img_seq_len"": 256}",0.48494550000000003,5.7024159999999995,0.08504211197499448,PASSED,0.13918588138974872
SOL/L2/030_flux_concatenated_sequence_processing_with_split,7samples,2,"{""batch_size"": 1, ""text_seq_len"": 256, ""img_seq_len"": 512}",0.4378255,5.835424,0.07502890963878546,PASSED,0.13918588138974872
SOL/L2/030_flux_concatenated_sequence_processing_with_split,7samples,3,"{""batch_size"": 2, ""text_seq_len"": 131, ""img_seq_len"": 293}",0.4681775,4.9651975,0.09429181820058517,PASSED,0.13918588138974872
SOL/L2/030_flux_concatenated_sequence_processing_with_split,7samples,4,"{""batch_size"": 1, ""text_seq_len"": 128, ""img_seq_len"": 256}",0.231313,1.3061,0.1771020595666488,PASSED,0.13918588138974872
SOL/L2/030_flux_concatenated_sequence_processing_with_split,7samples,5,"{""batch_size"": 1, ""text_seq_len"": 77, ""img_seq_len"": 4096}",4.660557000000001,34.74053,0.13415330739053205,PASSED,0.13918588138974872
SOL/L2/030_flux_concatenated_sequence_processing_with_split,7samples,6,"{""batch_size"": 1, ""text_seq_len"": 512, ""img_seq_len"": 2048}",1.3343555,9.097402,0.14667434724770873,PASSED,0.13918588138974872
SOL/L2/030_flux_concatenated_sequence_processing_with_split,7samples,7,"{""batch_size"": 1, ""text_seq_len"": 77, ""img_seq_len"": 1024}",0.5665935,3.762235,0.15060024161170155,PASSED,0.13918588138974872
SOL/L2/030_flux_concatenated_sequence_processing_with_split,7samples,8,"{""batch_size"": 4, ""text_seq_len"": 77, ""img_seq_len"": 1024}",2.767128,15.152876,0.18261404633681422,PASSED,0.13918588138974872
SOL/L2/030_flux_concatenated_sequence_processing_with_split,7samples,9,"{""batch_size"": 1, ""text_seq_len"": 1024, ""img_seq_len"": 4096}",5.870097,43.6857605,0.13437094679855693,PASSED,0.13918588138974872
SOL/L2/030_flux_concatenated_sequence_processing_with_split,7samples,10,"{""batch_size"": 16, ""text_seq_len"": 128, ""img_seq_len"": 256}",5.9283065,36.834898499999994,0.16094265876692998,PASSED,0.13918588138974872
SOL/L2/030_flux_concatenated_sequence_processing_with_split,7samples,11,"{""batch_size"": 32, ""text_seq_len"": 256, ""img_seq_len"": 512}",13.172028000000001,88.77429649999999,0.1483765968227076,PASSED,0.13918588138974872
SOL/L2/030_flux_concatenated_sequence_processing_with_split,7samples,12,"{""batch_size"": 4, ""text_seq_len"": 256, ""img_seq_len"": 512}",1.9434784999999999,10.571684000000001,0.1838381188843707,PASSED,0.13918588138974872
SOL/L2/030_flux_concatenated_sequence_processing_with_split,7samples,13,"{""batch_size"": 2, ""text_seq_len"": 1423, ""img_seq_len"": 1489}",3.239019,20.3978295,0.15879233621400746,PASSED,0.13918588138974872
SOL/L2/030_flux_concatenated_sequence_processing_with_split,7samples,14,"{""batch_size"": 1, ""text_seq_len"": 1087, ""img_seq_len"": 1163}",1.2674284999999998,8.3491325,0.15180361552532554,PASSED,0.13918588138974872
SOL/L2/030_flux_concatenated_sequence_processing_with_split,7samples,15,"{""batch_size"": 4, ""text_seq_len"": 211, ""img_seq_len"": 449}",1.3567719999999999,9.106110999999999,0.14899576778714865,PASSED,0.13918588138974872
SOL/L2/030_flux_concatenated_sequence_processing_with_split,7samples,16,"{""batch_size"": 4, ""text_seq_len"": 128, ""img_seq_len"": 256}",0.8462590000000001,5.210977,0.16239929671537603,PASSED,0.13918588138974872
