task,bench,valid,pass,geomean,arith,torch_class,lib_calls,feedback_best,llm_calls,input_tokens,cached_tokens,output_tokens,reasoning_tokens,total_tokens,solution_batch
dsa_sparse_attention_h16_ckv512_kpe64_topk2048_ps64,FlashInfer,True,23/23,20.720308381358866,21.453146965420643,干净,-,20.999,151,1179313,25435,444739,107685,1624052,formal_20260914
gdn_decode_qk4_v8_d128_k_last,FlashInfer,True,54/54,225.2507301872359,437.05190172115687,干净,-,338.365,145,1018848,16936,371013,105049,1389861,formal_20260914
gdn_prefill_qk4_v8_d128_k_last,FlashInfer,True,100/100,195.32949834751273,231.58074792714012,干净,-,227.748,156,1310009,34358,559487,159289,1869496,formal_20260914
gemm_n4096_k4096,FlashInfer,True,43/43,0.8386784098910882,0.8415250175914103,A·核心靠库,matmul,0.84,139,490039,13200,363752,196295,853791,formal_20260914
gqa_paged_decode_h32_kv8_d128_ps1,FlashInfer,True,48/48,124.86659275617153,154.7712721959683,干净,-,178.854,165,2248647,52634,933647,161467,3182294,formal_20260914
gqa_paged_prefill_causal_h32_kv8_d128_ps1,FlashInfer,True,38/38,392.8616905913406,717.0770187020214,干净,-,873.784,145,1295197,27647,497019,105412,1792216,formal_20260914
gqa_ragged_prefill_causal_h32_kv8_d128,FlashInfer,True,21/21,11.06641843066026,13.43748893823651,干净,-,21.539,151,1115141,40302,458271,140942,1573412,formal_20260914
mla_paged_decode_h16_ckv512_kpe64_ps1,FlashInfer,True,47/47,28.400004947538367,32.598960726379005,干净,-,36.789,154,1347668,14685,588034,136311,1935702,formal_20260914
mla_paged_prefill_causal_h16_ckv512_kpe64_ps1,FlashInfer,True,38/38,173.17146552012247,296.0091263441617,干净,-,342.446,147,1319623,34588,500541,121801,1820164,formal_20260914
rmsnorm_h4096,FlashInfer,True,14/14,3.4712937925959078,4.417076932450204,干净,-,4.853,167,592831,3630,359553,157561,952384,formal_20260914
002_vae_conv3x3_groupnorm_silu_residual_fused,SOL-L1,True,20/20,1.3886865838764528,1.4019130924011507,A·核心靠库,conv2d×2,1.437,152,1553996,103927,619046,164419,2173042,formal_20260914
005_conv_gated_projection_with_causal_conv,SOL-L1,True,16/16,1.5650122297547968,1.5656774227009853,B·自研为主,linear×2,1.559,140,925891,19469,385867,144849,1311758,formal_20260914
007_hyena_fft_size_padding_rfft,SOL-L1,True,16/16,1.3754307140980353,1.3862455168398538,A·核心靠库,rfft×2,1.309,143,855561,19521,351922,149994,1207483,formal_20260914
008_expert_output_weighted_index_add_accumulation,SOL-L1,True,16/16,2.6954735646653196,2.8758313503997637,干净,-,3.259,133,682133,3982,244608,134882,926741,formal_20260914
018_fused_rope_with_qk_norm_and_kv_cache_update,SOL-L1,True,13/13,21.240976245102292,22.435346218069483,干净,-,23.174,144,1213696,7781,390769,117312,1604465,formal_20260914
020_vision_patch_merger_spatial_shuffle_mlp,SOL-L1,True,15/15,2.1596187230554422,2.246257408021441,C·混合贡献,linear×2,2.923,152,1656421,83752,599277,151635,2255698,formal_20260914
053_gaussian_topk_sparse_activation,SOL-L1,True,12/12,31.80703098412902,49.518636044465524,干净,-,33.329,141,1083340,34773,423218,134868,1506558,formal_20260914
058_moe_expert_token_radix_sort_with_prefix_sum,SOL-L1,True,16/16,10.323530285038645,10.42244307041387,干净,-,11.307,143,807134,21079,398360,181562,1205494,formal_20260914 + ablation_resume5
070_mamba2_fused_intra_chunk_diagonal_computation,SOL-L1,True,14/14,192.9937117471235,225.331125729724,干净,-,375.506,172,1314435,71554,465115,164530,1779550,formal_20260914
092_gqa_attention_with_qk_norm,SOL-L1,True,16/16,2.842708807321534,2.8982024572740595,B·自研为主,linear×4,3.151,139,1085120,13533,465069,143744,1550189,formal_20260914
012_moe_expert_batched_execution_with_capacity_factor,SOL-L2,True,16/16,1.4398932851786466,1.4417676360938558,C·待消融,bmm×3,1.454,153,1230801,76590,536432,211799,1767233,formal2_solL2_20260916
015_audio_sinusoidal_position_embedding_with_conv_projection,SOL-L2,False,15/16,1.0261785426677734,1.0261948341429454,A·核心靠库,"conv2d×3,addmm,linear",1.207,144,1039342,52147,389698,161536,1429040,formal2_solL2_20260916
030_flux_concatenated_sequence_processing_with_split,SOL-L2,True,16/16,1.378571930362279,1.383515507787426,干净,-,1.423,140,905082,0,334679,118968,1239761,formal2_solL2_20260916
036_convnextv2_layer_with_nhwc_persistence_backward,SOL-L2,True,14/14,364.24230501159593,479.2765092182477,B·自研为主,mm×4,614.033,151,2514069,31733,908646,169266,3422715,formal2_solL2_20260916
040_altup_predict_correction_cycle_backward,SOL-L2,True,16/16,17.402946336620815,18.309909727178514,干净,-,23.223,148,2372622,22276,977419,143755,3350041,formal2_solL2_20260916
043_mamba_chunk_scan_with_segsum,SOL-L2,True,16/16,9.16932833296439,10.796319012791258,干净,-,8.523,149,1797102,68098,628431,160022,2425533,formal2_solL2_20260916
049_group_limited_topk_routing,SOL-L2,True,16/16,8.939851612387988,8.971675567476936,干净,-,10.673,135,1269880,34969,503934,139198,1773814,formal2_solL2_20260916
051_seqlen-finetuned-reconstructed_hyena_complete_forward_block,SOL-L2,True,16/16,2.3505333455335022,2.4888518244455207,C·待消融,"addmm×2,rfft/irfft",2.282,146,2216440,28371,807833,151582,3024273,formal2_solL2_20260916
057_residual_coupling_flow_block,SOL-L2,False,9/16,1.0440667222381208,1.044476410016919,干净,-,1.05,142,1319731,15717,484587,157660,1804318,formal2_solL2_20260916
080_moe_complete_layer_with_shared_expert_backward,SOL-L2,True,16/16,6.026587147891384,6.239366465586621,B·自研为主,"matmul×7,addmm×2",4.831,139,1086428,10493,282220,103102,1368648,formal2_solL2_20260916
