uuid,status,ref_ms,sol_ms,speedup,axes
dsa_sparse_attention_h16_ckv512_kpe64_topk2048_ps64,0c23b10c,PASSED,2.0720480239391326,0.08368031963706017,24.761473580957357,"{"num_tokens": 1; "num_pages": 8462}"
dsa_sparse_attention_h16_ckv512_kpe64_topk2048_ps64,9d4a5f21,PASSED,1.4080528008937836,0.08391232036054135,16.780048446329243,"{"num_tokens": 2; "num_pages": 8462}"
dsa_sparse_attention_h16_ckv512_kpe64_topk2048_ps64,b7668cfd,PASSED,1.4393548786640167,0.08421695984899998,17.091033459825233,"{"num_tokens": 2; "num_pages": 8462}"
dsa_sparse_attention_h16_ckv512_kpe64_topk2048_ps64,0a63b87b,PASSED,1.4950300765037536,0.08287359982728958,18.039883384086483,"{"num_tokens": 2; "num_pages": 8462}"
dsa_sparse_attention_h16_ckv512_kpe64_topk2048_ps64,05f6de65,PASSED,1.4260915195941926,0.08366655983030796,17.04494032605838,"{"num_tokens": 2; "num_pages": 8462}"
dsa_sparse_attention_h16_ckv512_kpe64_topk2048_ps64,fc85411e,PASSED,1.4206412816047669,0.08439839974045754,16.83256182550299,"{"num_tokens": 2; "num_pages": 8462}"
dsa_sparse_attention_h16_ckv512_kpe64_topk2048_ps64,e6b849f2,PASSED,1.4144351971149445,0.08430591970682144,16.777412571189807,"{"num_tokens": 2; "num_pages": 8462}"
dsa_sparse_attention_h16_ckv512_kpe64_topk2048_ps64,9f3f891b,PASSED,1.46137375831604,0.08313568010926246,17.578177701744966,"{"num_tokens": 2; "num_pages": 8462}"
dsa_sparse_attention_h16_ckv512_kpe64_topk2048_ps64,f77df5ce,PASSED,1.4102118456363677,0.08306207992136479,16.977805599997268,"{"num_tokens": 2; "num_pages": 8462}"
dsa_sparse_attention_h16_ckv512_kpe64_topk2048_ps64,385742b2,PASSED,2.6953734445571897,0.08400479972362518,32.085945724826885,"{"num_tokens": 8; "num_pages": 8462}"
dsa_sparse_attention_h16_ckv512_kpe64_topk2048_ps64,4c46a94b,PASSED,2.6217296147346496,0.08720703989267349,30.063279500843468,"{"num_tokens": 8; "num_pages": 8462}"
dsa_sparse_attention_h16_ckv512_kpe64_topk2048_ps64,38389961,PASSED,2.4460012888908387,0.08387776046991348,29.16149972516501,"{"num_tokens": 7; "num_pages": 8462}"
dsa_sparse_attention_h16_ckv512_kpe64_topk2048_ps64,02d6ae9c,PASSED,2.6514371180534364,0.10933567993342877,24.250428768246717,"{"num_tokens": 8; "num_pages": 8462}"
dsa_sparse_attention_h16_ckv512_kpe64_topk2048_ps64,ddfa9e34,PASSED,2.2651404762268066,0.08359488032758236,27.09664117408177,"{"num_tokens": 6; "num_pages": 8462}"
dsa_sparse_attention_h16_ckv512_kpe64_topk2048_ps64,78b2e11c,PASSED,2.678155527114868,0.08229727998375892,32.54245495894144,"{"num_tokens": 8; "num_pages": 8462}"
dsa_sparse_attention_h16_ckv512_kpe64_topk2048_ps64,68d6817d,PASSED,2.205463991165161,0.08266559988260269,26.67934418061738,"{"num_tokens": 6; "num_pages": 8462}"
dsa_sparse_attention_h16_ckv512_kpe64_topk2048_ps64,564007ac,PASSED,2.6622560119628904,0.08626623973250389,30.860925667075186,"{"num_tokens": 8; "num_pages": 8462}"
dsa_sparse_attention_h16_ckv512_kpe64_topk2048_ps64,ae4219a9,PASSED,2.4514086484909057,0.08347680002450943,29.366346670825347,"{"num_tokens": 7; "num_pages": 8462}"
dsa_sparse_attention_h16_ckv512_kpe64_topk2048_ps64,232ed014,PASSED,2.7098534417152407,0.08329823985695839,32.53194120750525,"{"num_tokens": 8; "num_pages": 8462}"
dsa_sparse_attention_h16_ckv512_kpe64_topk2048_ps64,7a389715,PASSED,2.6244655990600587,0.08311904005706311,31.574782351411944,"{"num_tokens": 8; "num_pages": 8462}"
dsa_sparse_attention_h16_ckv512_kpe64_topk2048_ps64,5096e459,PASSED,2.723885128498077,0.08290815964341164,32.85424667745031,"{"num_tokens": 8; "num_pages": 8462}"
dsa_sparse_attention_h16_ckv512_kpe64_topk2048_ps64,d57eb9e1,PASSED,2.2973542499542234,0.08236959993839264,27.89080257367405,"{"num_tokens": 6; "num_pages": 8462}"
dsa_sparse_attention_h16_ckv512_kpe64_topk2048_ps64,2207f0fd,PASSED,2.486764466762543,0.08360703997313976,29.743481739832674,"{"num_tokens": 7; "num_pages": 8462}"
gdn_decode_qk4_v8_d128_k_last,901e5104,PASSED,1.2187203240394593,0.038633600063622,31.54560595006587,"{"batch_size": 1}"
gdn_decode_qk4_v8_d128_k_last,a5714b69,PASSED,1.2118025624752045,0.03748959995806217,32.323699474808755,"{"batch_size": 1}"
gdn_decode_qk4_v8_d128_k_last,3daa0974,PASSED,1.2106204795837403,0.037781760022044183,32.042458553476344,"{"batch_size": 1}"
gdn_decode_qk4_v8_d128_k_last,22d5cef5,PASSED,1.2063020825386048,0.037695999927818774,32.000798091268614,"{"batch_size": 1}"
gdn_decode_qk4_v8_d128_k_last,aed4bdd4,PASSED,1.212840003967285,0.0376035200431943,32.25336358335932,"{"batch_size": 1}"
gdn_decode_qk4_v8_d128_k_last,49a125e5,PASSED,1.2375568103790284,0.03732735972851515,33.154148039933105,"{"batch_size": 1}"
gdn_decode_qk4_v8_d128_k_last,798635cf,PASSED,1.209838719367981,0.038602240011096,31.341153234118522,"{"batch_size": 1}"
gdn_decode_qk4_v8_d128_k_last,5716e24a,PASSED,1.2165763223171233,0.03746047995984554,32.476260945433424,"{"batch_size": 1}"
gdn_decode_qk4_v8_d128_k_last,4c7df22f,PASSED,1.2352108752727509,0.03881472006440163,31.82325863031554,"{"batch_size": 1}"
gdn_decode_qk4_v8_d128_k_last,d0e91dea,PASSED,1.2344857609272004,0.0380147198215127,32.47388818655976,"{"batch_size": 1}"
gdn_decode_qk4_v8_d128_k_last,ec9d2340,PASSED,4.391452503204346,0.037943040020763874,115.73802470232158,"{"batch_size": 4}"
gdn_decode_qk4_v8_d128_k_last,9f238670,PASSED,4.355457930564881,0.037328960075974464,116.6777194355362,"{"batch_size": 4}"
gdn_decode_qk4_v8_d128_k_last,6d929bff,PASSED,4.362651834487915,0.03796256002038717,114.9198534594354,"{"batch_size": 4}"
gdn_decode_qk4_v8_d128_k_last,494844dc,PASSED,4.318756804466248,0.03743135996162891,115.37803619460871,"{"batch_size": 4}"
gdn_decode_qk4_v8_d128_k_last,26f760ab,PASSED,4.312568974494934,0.03756031986325979,114.81715252146562,"{"batch_size": 4}"
gdn_decode_qk4_v8_d128_k_last,deecf42e,PASSED,4.3310451364517215,0.03723871987313032,116.30488779440553,"{"batch_size": 4}"
gdn_decode_qk4_v8_d128_k_last,9a92acbc,PASSED,4.424361953735351,0.038194879963994025,115.83651939490733,"{"batch_size": 4}"
gdn_decode_qk4_v8_d128_k_last,fa90b213,PASSED,4.340366406440735,0.03761504001915455,115.38912105983427,"{"batch_size": 4}"
gdn_decode_qk4_v8_d128_k_last,2640f1e3,PASSED,8.488408613204957,0.03787647996097803,224.1076420498969,"{"batch_size": 8}"
gdn_decode_qk4_v8_d128_k_last,7464a1d6,PASSED,8.454127016067504,0.04484480012208223,188.5196721370728,"{"batch_size": 8}"
gdn_decode_qk4_v8_d128_k_last,25d1f606,PASSED,8.587937278747559,0.03894047997891903,220.5400982062049,"{"batch_size": 8}"
gdn_decode_qk4_v8_d128_k_last,fe2e6584,PASSED,8.851213779449463,0.03879807986319065,228.13535645734305,"{"batch_size": 8}"
gdn_decode_qk4_v8_d128_k_last,ca62112d,PASSED,8.883315515518188,0.03876256000250578,229.17257051505192,"{"batch_size": 8}"
gdn_decode_qk4_v8_d128_k_last,61dfd334,PASSED,9.193133754730225,0.04077088002115488,225.4828384857075,"{"batch_size": 8}"
gdn_decode_qk4_v8_d128_k_last,abec5d32,PASSED,9.37363226890564,0.04137855995446443,226.53355455629614,"{"batch_size": 8}"
gdn_decode_qk4_v8_d128_k_last,76eec66d,PASSED,18.322022762298584,0.04120032008737326,444.705835378055,"{"batch_size": 16}"
gdn_decode_qk4_v8_d128_k_last,f0507025,PASSED,18.45405097961426,0.041064639948308466,449.3903027725053,"{"batch_size": 16}"
gdn_decode_qk4_v8_d128_k_last,d1508f6d,PASSED,18.29624937057495,0.041498879976570605,440.88537765126745,"{"batch_size": 16}"
gdn_decode_qk4_v8_d128_k_last,63d4cb66,PASSED,18.427583675384522,0.04103616002947092,449.0572134953756,"{"batch_size": 16}"
gdn_decode_qk4_v8_d128_k_last,ef6bb01d,PASSED,18.442030754089355,0.040376640036702154,456.75001033581907,"{"batch_size": 16}"
gdn_decode_qk4_v8_d128_k_last,d0acf04a,PASSED,18.868974056243896,0.041684479974210265,452.6618556335098,"{"batch_size": 16}"
gdn_decode_qk4_v8_d128_k_last,ac83f1e4,PASSED,20.787811851501466,0.06752000011503696,307.87635983537183,"{"batch_size": 16}"
gdn_decode_qk4_v8_d128_k_last,a8c8beff,PASSED,40.05440818786621,0.03997919999063015,1001.8811831465785,"{"batch_size": 32}"
gdn_decode_qk4_v8_d128_k_last,40940a4c,PASSED,36.80425891876221,0.040033920146524904,919.3268804068631,"{"batch_size": 32}"
gdn_decode_qk4_v8_d128_k_last,0915952b,PASSED,36.46802909851074,0.04197727985680103,868.7563658940206,"{"batch_size": 32}"
gdn_decode_qk4_v8_d128_k_last,d38dde79,PASSED,38.033852615356444,0.04001504000276327,950.4889314800132,"{"batch_size": 32}"
gdn_decode_qk4_v8_d128_k_last,388f79b1,PASSED,36.655387535095215,0.04097216006368399,894.641324209436,"{"batch_size": 32}"
gdn_decode_qk4_v8_d128_k_last,80288532,PASSED,36.46898769378662,0.048113599717617035,757.9767032154388,"{"batch_size": 32}"
gdn_decode_qk4_v8_d128_k_last,773a4157,PASSED,35.40133014678955,0.04159200005233288,851.1571961494047,"{"batch_size": 32}"
gdn_decode_qk4_v8_d128_k_last,53385c7f,PASSED,59.21543365478516,0.07380927994847297,802.2762679181272,"{"batch_size": 48}"
gdn_decode_qk4_v8_d128_k_last,45e7697a,PASSED,55.82359035491943,0.04495039984583855,1241.8930765103642,"{"batch_size": 48}"
gdn_decode_qk4_v8_d128_k_last,34403e5b,PASSED,56.627968559265135,0.07061791993677616,801.8923328521124,"{"batch_size": 48}"
gdn_decode_qk4_v8_d128_k_last,b91cc4aa,PASSED,54.50321746826172,0.044470400027930734,1225.6066379890808,"{"batch_size": 48}"
gdn_decode_qk4_v8_d128_k_last,4c38f0e4,PASSED,55.0418611907959,0.04641247972846031,1185.9280416134288,"{"batch_size": 48}"
gdn_decode_qk4_v8_d128_k_last,be91d78c,PASSED,53.77954181671143,0.04962879978120327,1083.6357529057198,"{"batch_size": 48}"
gdn_decode_qk4_v8_d128_k_last,3803367a,PASSED,55.82993438720703,0.045343040004372594,1231.2790316181524,"{"batch_size": 48}"
gdn_decode_qk4_v8_d128_k_last,eaf0a285,PASSED,73.01517372131347,0.05163679983466864,1414.0143067559256,"{"batch_size": 64}"
gdn_decode_qk4_v8_d128_k_last,f4fd2171,PASSED,69.35381889343262,0.0515174401551485,1346.2202059063604,"{"batch_size": 64}"
gdn_decode_qk4_v8_d128_k_last,b1931bc6,PASSED,68.64319137573243,0.050928960032761095,1347.8223653413754,"{"batch_size": 64}"
gdn_decode_qk4_v8_d128_k_last,8d0c5789,PASSED,68.75080390930175,0.05126848004758358,1340.9955560510548,"{"batch_size": 64}"
gdn_decode_qk4_v8_d128_k_last,9eef9bc7,PASSED,68.82405715942383,0.052845759838819506,1302.357225429976,"{"batch_size": 64}"
gdn_decode_qk4_v8_d128_k_last,58571e49,PASSED,68.8129803466797,0.05161727987229824,1333.1384473750616,"{"batch_size": 64}"
gdn_decode_qk4_v8_d128_k_last,ef2cf980,PASSED,69.48582954406739,0.05130240011960268,1354.4362326533103,"{"batch_size": 64}"
gdn_decode_qk4_v8_d128_k_last,42963acb,PASSED,70.20175605773926,0.05247967984527349,1337.6940611054792,"{"batch_size": 64}"
gdn_prefill_qk4_v8_d128_k_last,77daf91d,PASSED,1.3297129595279693,0.07164447985589505,18.559880149908828,"{"total_seq_len": 6; "num_seqs": 1; "len_cu_seqlens": 2}"
gdn_prefill_qk4_v8_d128_k_last,ba08a83e,PASSED,24.689843502044678,0.18054368004202842,136.75274313837613,"{"total_seq_len": 134; "num_seqs": 1; "len_cu_seqlens": 2}"
gdn_prefill_qk4_v8_d128_k_last,c7846f96,PASSED,24.66291751861572,0.17861248016357423,138.0805949059623,"{"total_seq_len": 134; "num_seqs": 1; "len_cu_seqlens": 2}"
gdn_prefill_qk4_v8_d128_k_last,d0ce7b5d,PASSED,1406.0673217773438,5.912483215332031,237.81332996112062,"{"total_seq_len": 8192; "num_seqs": 32; "len_cu_seqlens": 33}"
gdn_prefill_qk4_v8_d128_k_last,5b8a0e4b,PASSED,1374.6943041992188,8.067349467277527,170.4022256349748,"{"total_seq_len": 8192; "num_seqs": 34; "len_cu_seqlens": 35}"
gdn_prefill_qk4_v8_d128_k_last,5d3fc66a,PASSED,1405.3079406738282,8.047898225784301,174.6180059995571,"{"total_seq_len": 8192; "num_seqs": 34; "len_cu_seqlens": 35}"
gdn_prefill_qk4_v8_d128_k_last,4b6143dd,PASSED,688.908935546875,1.385060477256775,497.38545490180707,"{"total_seq_len": 4124; "num_seqs": 15; "len_cu_seqlens": 16}"
gdn_prefill_qk4_v8_d128_k_last,5835a2bc,PASSED,1391.1142309570312,8.55156704902649,162.67360391162407,"{"total_seq_len": 8192; "num_seqs": 32; "len_cu_seqlens": 33}"
gdn_prefill_qk4_v8_d128_k_last,cc310f94,PASSED,1321.73935546875,7.087021136283875,186.50139883197986,"{"total_seq_len": 8192; "num_seqs": 25; "len_cu_seqlens": 26}"
gdn_prefill_qk4_v8_d128_k_last,d49df0b2,PASSED,1320.030753173828,5.514809594154358,239.3610750538055,"{"total_seq_len": 8192; "num_seqs": 48; "len_cu_seqlens": 49}"
gdn_prefill_qk4_v8_d128_k_last,e9e1e445,PASSED,1335.9691687011718,5.063261761665344,263.85544172651305,"{"total_seq_len": 8192; "num_seqs": 38; "len_cu_seqlens": 39}"
gdn_prefill_qk4_v8_d128_k_last,b8c8dc3c,PASSED,1324.365235595703,5.056280965805054,261.9247712997372,"{"total_seq_len": 8192; "num_seqs": 38; "len_cu_seqlens": 39}"
gdn_prefill_qk4_v8_d128_k_last,a9540651,PASSED,1318.9644116210939,8.133374748229981,162.16692977390872,"{"total_seq_len": 8192; "num_seqs": 20; "len_cu_seqlens": 21}"
gdn_prefill_qk4_v8_d128_k_last,06f21bb1,PASSED,1330.6099877929687,3.3476438331604004,397.476569822777,"{"total_seq_len": 8192; "num_seqs": 56; "len_cu_seqlens": 57}"
gdn_prefill_qk4_v8_d128_k_last,c2931c92,PASSED,1317.0136291503907,6.964622406959534,189.10050713364436,"{"total_seq_len": 8192; "num_seqs": 37; "len_cu_seqlens": 38}"
gdn_prefill_qk4_v8_d128_k_last,618df04a,PASSED,1319.7776904296875,5.583450880050659,236.37311741116508,"{"total_seq_len": 8192; "num_seqs": 35; "len_cu_seqlens": 36}"
gdn_prefill_qk4_v8_d128_k_last,26244fb4,PASSED,1320.6475073242189,6.902470393180847,191.32968808224447,"{"total_seq_len": 8192; "num_seqs": 43; "len_cu_seqlens": 44}"
gdn_prefill_qk4_v8_d128_k_last,a2629e02,PASSED,1315.9752331542968,6.915951986312866,190.28114072490675,"{"total_seq_len": 8192; "num_seqs": 43; "len_cu_seqlens": 44}"
gdn_prefill_qk4_v8_d128_k_last,9a5d694b,PASSED,1364.7336157226562,4.688719034194946,291.0674761634509,"{"total_seq_len": 8192; "num_seqs": 57; "len_cu_seqlens": 58}"
gdn_prefill_qk4_v8_d128_k_last,410794d4,PASSED,1359.2205688476563,5.504001269340515,246.95135453893474,"{"total_seq_len": 8192; "num_seqs": 39; "len_cu_seqlens": 40}"
gdn_prefill_qk4_v8_d128_k_last,7ba9d519,PASSED,660.9891986083984,4.109881272315979,160.8292684902601,"{"total_seq_len": 3999; "num_seqs": 13; "len_cu_seqlens": 14}"
gdn_prefill_qk4_v8_d128_k_last,043e74e4,PASSED,5.46529760837555,0.06997023932635785,78.10888830727163,"{"total_seq_len": 32; "num_seqs": 2; "len_cu_seqlens": 3}"
gdn_prefill_qk4_v8_d128_k_last,ef9515b6,PASSED,2.8098175954818725,0.06768960021436214,41.510329305884945,"{"total_seq_len": 16; "num_seqs": 1; "len_cu_seqlens": 2}"
gdn_prefill_qk4_v8_d128_k_last,f622a11d,PASSED,2.95814656496048,0.06982688002288341,42.36400887439116,"{"total_seq_len": 16; "num_seqs": 1; "len_cu_seqlens": 2}"
gdn_prefill_qk4_v8_d128_k_last,1cf8e175,PASSED,7.068309788703918,0.07703072011470795,91.75962237115738,"{"total_seq_len": 40; "num_seqs": 2; "len_cu_seqlens": 3}"
gdn_prefill_qk4_v8_d128_k_last,9343fd82,PASSED,8.501279373168945,0.0983539205044508,86.43559229328574,"{"total_seq_len": 49; "num_seqs": 1; "len_cu_seqlens": 2}"
gdn_prefill_qk4_v8_d128_k_last,f4926229,PASSED,227.65614151000977,1.2617011189460754,180.43587192834985,"{"total_seq_len": 1377; "num_seqs": 1; "len_cu_seqlens": 2}"
gdn_prefill_qk4_v8_d128_k_last,109addb1,PASSED,543.1171148681641,2.6983071970939636,201.28068273808597,"{"total_seq_len": 3271; "num_seqs": 2; "len_cu_seqlens": 3}"
gdn_prefill_qk4_v8_d128_k_last,c5257f65,PASSED,164.22906478881836,0.8871577596664428,185.11821939151596,"{"total_seq_len": 983; "num_seqs": 2; "len_cu_seqlens": 3}"
gdn_prefill_qk4_v8_d128_k_last,f5619793,PASSED,161.43673553466797,0.8869737601280212,182.00846833548607,"{"total_seq_len": 983; "num_seqs": 2; "len_cu_seqlens": 3}"
gdn_prefill_qk4_v8_d128_k_last,fdf5f1f4,PASSED,8.03661919116974,0.08121151946485043,98.95910388240068,"{"total_seq_len": 46; "num_seqs": 2; "len_cu_seqlens": 3}"
gdn_prefill_qk4_v8_d128_k_last,87bff084,PASSED,34.22104434967041,0.14225439980626106,240.56229119293806,"{"total_seq_len": 202; "num_seqs": 3; "len_cu_seqlens": 4}"
gdn_prefill_qk4_v8_d128_k_last,e92dafeb,PASSED,39.78477531433106,0.15098336040973664,263.504370325072,"{"total_seq_len": 239; "num_seqs": 3; "len_cu_seqlens": 4}"
gdn_prefill_qk4_v8_d128_k_last,1d0cc342,PASSED,48.54829685211182,0.2600054407119751,186.72031138722176,"{"total_seq_len": 294; "num_seqs": 3; "len_cu_seqlens": 4}"
gdn_prefill_qk4_v8_d128_k_last,1b441950,PASSED,15.390165109634399,0.12047648049890995,127.7441459602868,"{"total_seq_len": 91; "num_seqs": 2; "len_cu_seqlens": 3}"
gdn_prefill_qk4_v8_d128_k_last,19c6ab20,PASSED,15.484456949234009,0.12225728012621402,126.65468210358036,"{"total_seq_len": 91; "num_seqs": 2; "len_cu_seqlens": 3}"
gdn_prefill_qk4_v8_d128_k_last,25d9c14d,PASSED,22.38081705093384,0.11854144014418125,188.80162940244512,"{"total_seq_len": 132; "num_seqs": 2; "len_cu_seqlens": 3}"
gdn_prefill_qk4_v8_d128_k_last,3215fe5f,PASSED,57.3536935043335,0.3302713578939438,173.656274252976,"{"total_seq_len": 341; "num_seqs": 2; "len_cu_seqlens": 3}"
gdn_prefill_qk4_v8_d128_k_last,6f1ad833,PASSED,350.8046618652344,1.9040028774738311,184.24586749084673,"{"total_seq_len": 2107; "num_seqs": 1; "len_cu_seqlens": 2}"
gdn_prefill_qk4_v8_d128_k_last,e44ba4d3,PASSED,264.71887008666994,1.076442881822586,245.92003399052584,"{"total_seq_len": 1592; "num_seqs": 3; "len_cu_seqlens": 4}"
gdn_prefill_qk4_v8_d128_k_last,fc7a2bcb,PASSED,22.809701080322267,0.14073439985513686,162.0762308561456,"{"total_seq_len": 139; "num_seqs": 3; "len_cu_seqlens": 4}"
gdn_prefill_qk4_v8_d128_k_last,5d26ac5b,PASSED,22.717117099761964,0.14117504090070723,160.91454236404022,"{"total_seq_len": 139; "num_seqs": 3; "len_cu_seqlens": 4}"
gdn_prefill_qk4_v8_d128_k_last,ed66c791,PASSED,18.966034355163575,0.15593503952026366,121.62779073589134,"{"total_seq_len": 116; "num_seqs": 1; "len_cu_seqlens": 2}"
gdn_prefill_qk4_v8_d128_k_last,ba95d412,PASSED,30.424697971343996,0.1939641599357128,156.85731828719238,"{"total_seq_len": 185; "num_seqs": 2; "len_cu_seqlens": 3}"
gdn_prefill_qk4_v8_d128_k_last,078a41ea,PASSED,13.887300519943237,0.10454911977052689,132.8303915941544,"{"total_seq_len": 81; "num_seqs": 2; "len_cu_seqlens": 3}"
gdn_prefill_qk4_v8_d128_k_last,d2b5a221,PASSED,14.291920967102051,0.08422879993915558,169.67974110311576,"{"total_seq_len": 82; "num_seqs": 3; "len_cu_seqlens": 4}"
gdn_prefill_qk4_v8_d128_k_last,aaa378be,PASSED,300.1121600341797,1.4255686450004577,210.52101635841137,"{"total_seq_len": 1800; "num_seqs": 3; "len_cu_seqlens": 4}"
gdn_prefill_qk4_v8_d128_k_last,c2bb4f66,PASSED,291.8250674438477,1.4243267166614533,204.88632560924663,"{"total_seq_len": 1800; "num_seqs": 3; "len_cu_seqlens": 4}"
gdn_prefill_qk4_v8_d128_k_last,f2f01c2c,PASSED,5.942366089820862,0.07137632012367248,83.25402709924846,"{"total_seq_len": 35; "num_seqs": 2; "len_cu_seqlens": 3}"
gdn_prefill_qk4_v8_d128_k_last,15856e8c,PASSED,500.5031292724609,2.9075219202041627,172.14079309067296,"{"total_seq_len": 3028; "num_seqs": 5; "len_cu_seqlens": 6}"
gdn_prefill_qk4_v8_d128_k_last,a39aa135,PASSED,10.387914571762085,0.10757888019084931,96.56091003488326,"{"total_seq_len": 61; "num_seqs": 1; "len_cu_seqlens": 2}"
gdn_prefill_qk4_v8_d128_k_last,339a7ff4,PASSED,2.8112879943847657,0.06808799967169761,41.28903783251168,"{"total_seq_len": 16; "num_seqs": 1; "len_cu_seqlens": 2}"
gdn_prefill_qk4_v8_d128_k_last,d8f4a9ae,PASSED,5.940480318069458,0.08433120004832745,70.4422599781002,"{"total_seq_len": 35; "num_seqs": 1; "len_cu_seqlens": 2}"
gdn_prefill_qk4_v8_d128_k_last,d3dc3577,PASSED,5.929944005012512,0.08531903989613056,69.50317317484782,"{"total_seq_len": 35; "num_seqs": 1; "len_cu_seqlens": 2}"
gdn_prefill_qk4_v8_d128_k_last,ce832e76,PASSED,75.64739318847656,0.4454684802889824,169.81536637430085,"{"total_seq_len": 461; "num_seqs": 2; "len_cu_seqlens": 3}"
gdn_prefill_qk4_v8_d128_k_last,6fbc155c,PASSED,136.67900283813478,0.6772873610258102,201.80356330748978,"{"total_seq_len": 832; "num_seqs": 4; "len_cu_seqlens": 5}"
gdn_prefill_qk4_v8_d128_k_last,a87ded8a,PASSED,477.10328674316406,1.540895037651062,309.62737570396723,"{"total_seq_len": 2857; "num_seqs": 3; "len_cu_seqlens": 4}"
gdn_prefill_qk4_v8_d128_k_last,62447caf,PASSED,5.113612809181213,0.08124032005667686,62.94427207590676,"{"total_seq_len": 30; "num_seqs": 1; "len_cu_seqlens": 2}"
gdn_prefill_qk4_v8_d128_k_last,fd072ba6,PASSED,19.011058349609375,0.1143596801906824,166.23917029070464,"{"total_seq_len": 114; "num_seqs": 2; "len_cu_seqlens": 3}"
gdn_prefill_qk4_v8_d128_k_last,35ea9bbe,PASSED,18.843809547424318,0.11509472019970417,163.72436124548443,"{"total_seq_len": 114; "num_seqs": 2; "len_cu_seqlens": 3}"
gdn_prefill_qk4_v8_d128_k_last,1aa8cf18,PASSED,6.232872333526611,0.07017728038132191,88.81609973568492,"{"total_seq_len": 35; "num_seqs": 2; "len_cu_seqlens": 3}"
gdn_prefill_qk4_v8_d128_k_last,d5f5c00c,PASSED,5.3097209548950195,0.08203424006700516,64.72566760608821,"{"total_seq_len": 31; "num_seqs": 1; "len_cu_seqlens": 2}"
gdn_prefill_qk4_v8_d128_k_last,d5aa60dc,PASSED,41.71893180847168,0.2407916794717312,173.2573646232218,"{"total_seq_len": 255; "num_seqs": 3; "len_cu_seqlens": 4}"
gdn_prefill_qk4_v8_d128_k_last,28b70283,PASSED,4.128550724983215,0.07471263982355594,55.25906640072348,"{"total_seq_len": 24; "num_seqs": 1; "len_cu_seqlens": 2}"
gdn_prefill_qk4_v8_d128_k_last,73b8cc85,PASSED,16.141944313049315,0.1383225591480732,116.69784316070593,"{"total_seq_len": 97; "num_seqs": 1; "len_cu_seqlens": 2}"
gdn_prefill_qk4_v8_d128_k_last,2683c087,PASSED,16.046128311157226,0.14996863916516304,106.9965587504288,"{"total_seq_len": 97; "num_seqs": 1; "len_cu_seqlens": 2}"
gdn_prefill_qk4_v8_d128_k_last,4b94d568,PASSED,94.08651359558105,0.46123519986867906,203.9881466600315,"{"total_seq_len": 574; "num_seqs": 2; "len_cu_seqlens": 3}"
gdn_prefill_qk4_v8_d128_k_last,a0eb2dc2,PASSED,15.359503688812255,0.13453568071126937,114.16676682058568,"{"total_seq_len": 92; "num_seqs": 1; "len_cu_seqlens": 2}"
gdn_prefill_qk4_v8_d128_k_last,f3d30cb9,PASSED,14.224258279800415,0.11885055996477605,119.68187852052262,"{"total_seq_len": 85; "num_seqs": 2; "len_cu_seqlens": 3}"
gdn_prefill_qk4_v8_d128_k_last,7a7deca8,PASSED,13.339108209609986,0.12442239969968796,107.20825383376237,"{"total_seq_len": 79; "num_seqs": 1; "len_cu_seqlens": 2}"
gdn_prefill_qk4_v8_d128_k_last,977d19f8,PASSED,5.095707807540894,0.08035391993820667,63.4157961610282,"{"total_seq_len": 30; "num_seqs": 1; "len_cu_seqlens": 2}"
gdn_prefill_qk4_v8_d128_k_last,02c1e5f0,PASSED,5.116455669403076,0.08075200013816357,63.360110717369444,"{"total_seq_len": 30; "num_seqs": 1; "len_cu_seqlens": 2}"
gdn_prefill_qk4_v8_d128_k_last,5a91aa02,PASSED,69.65765403747558,0.3068857595324516,226.98236028807858,"{"total_seq_len": 401; "num_seqs": 4; "len_cu_seqlens": 5}"
gdn_prefill_qk4_v8_d128_k_last,8e7ef744,PASSED,2.206075839996338,0.06494400005787611,33.968893785882464,"{"total_seq_len": 12; "num_seqs": 1; "len_cu_seqlens": 2}"
gdn_prefill_qk4_v8_d128_k_last,85d7becb,PASSED,3.2670739316940307,0.07723295986652375,42.30155023632764,"{"total_seq_len": 18; "num_seqs": 1; "len_cu_seqlens": 2}"
gdn_prefill_qk4_v8_d128_k_last,e286a4f4,PASSED,298.4073715209961,1.1182060825824738,266.86259015138825,"{"total_seq_len": 1796; "num_seqs": 3; "len_cu_seqlens": 4}"
gdn_prefill_qk4_v8_d128_k_last,08d4f2c4,PASSED,159.30109451293944,0.8742367994785308,182.2173289982304,"{"total_seq_len": 973; "num_seqs": 3; "len_cu_seqlens": 4}"
gdn_prefill_qk4_v8_d128_k_last,9c1ef562,PASSED,158.04927597045898,0.8735513597726822,180.92728515881078,"{"total_seq_len": 973; "num_seqs": 3; "len_cu_seqlens": 4}"
gdn_prefill_qk4_v8_d128_k_last,bfd8f7b6,PASSED,40.39148708343506,0.2625593614578247,153.8375430956523,"{"total_seq_len": 248; "num_seqs": 2; "len_cu_seqlens": 3}"
gdn_prefill_qk4_v8_d128_k_last,c358edcd,PASSED,328.1192303466797,1.8291747164726258,179.3810221581368,"{"total_seq_len": 2040; "num_seqs": 2; "len_cu_seqlens": 3}"
gdn_prefill_qk4_v8_d128_k_last,f203fdcd,PASSED,8.041943712234497,0.09598560012876987,83.7828143122072,"{"total_seq_len": 48; "num_seqs": 1; "len_cu_seqlens": 2}"
gdn_prefill_qk4_v8_d128_k_last,33a38713,PASSED,19.320209674835205,0.11688160009682179,165.297272272375,"{"total_seq_len": 118; "num_seqs": 2; "len_cu_seqlens": 3}"
gdn_prefill_qk4_v8_d128_k_last,3a77dfec,PASSED,12.580388441085816,0.10712064012885093,117.44131127253715,"{"total_seq_len": 76; "num_seqs": 2; "len_cu_seqlens": 3}"
gdn_prefill_qk4_v8_d128_k_last,ea27be17,PASSED,12.745218267440796,0.10627552025020122,119.92619031584242,"{"total_seq_len": 76; "num_seqs": 2; "len_cu_seqlens": 3}"
gdn_prefill_qk4_v8_d128_k_last,49ef89d2,PASSED,11.151568298339845,0.11302688032388687,98.6629752708754,"{"total_seq_len": 67; "num_seqs": 1; "len_cu_seqlens": 2}"
gdn_prefill_qk4_v8_d128_k_last,056224b8,PASSED,11.257005805969237,0.11342559985816479,99.2457242460765,"{"total_seq_len": 68; "num_seqs": 1; "len_cu_seqlens": 2}"
gdn_prefill_qk4_v8_d128_k_last,685d26ff,PASSED,2.3394838428497313,0.06537439994513988,35.78593218160246,"{"total_seq_len": 13; "num_seqs": 1; "len_cu_seqlens": 2}"
gdn_prefill_qk4_v8_d128_k_last,352c9ace,PASSED,85.47349235534668,0.5170534384250641,165.3088172388863,"{"total_seq_len": 525; "num_seqs": 1; "len_cu_seqlens": 2}"
gdn_prefill_qk4_v8_d128_k_last,2c9693b4,PASSED,8.16365792274475,0.09817791968584061,83.15166942697124,"{"total_seq_len": 49; "num_seqs": 1; "len_cu_seqlens": 2}"
gdn_prefill_qk4_v8_d128_k_last,27f44fd6,PASSED,8.20784125328064,0.09910623967647553,82.81861243121006,"{"total_seq_len": 49; "num_seqs": 1; "len_cu_seqlens": 2}"
gdn_prefill_qk4_v8_d128_k_last,07aa7922,PASSED,916.9961566162109,7.417988166809082,123.61790501624182,"{"total_seq_len": 5709; "num_seqs": 2; "len_cu_seqlens": 3}"
gdn_prefill_qk4_v8_d128_k_last,eaa0fd47,PASSED,2.4971894335746767,0.06558847948908805,38.07359848904767,"{"total_seq_len": 14; "num_seqs": 1; "len_cu_seqlens": 2}"
gdn_prefill_qk4_v8_d128_k_last,f105eda8,PASSED,108.025834274292,0.42775711953639983,252.5401199432277,"{"total_seq_len": 661; "num_seqs": 3; "len_cu_seqlens": 4}"
gdn_prefill_qk4_v8_d128_k_last,cd979341,PASSED,12.688137903213502,0.10693888016045093,118.64850168784486,"{"total_seq_len": 76; "num_seqs": 2; "len_cu_seqlens": 3}"
gdn_prefill_qk4_v8_d128_k_last,43bf9699,PASSED,155.62148056030273,0.8669628798961639,179.50189583542667,"{"total_seq_len": 959; "num_seqs": 4; "len_cu_seqlens": 5}"
gdn_prefill_qk4_v8_d128_k_last,54856fec,PASSED,154.8071597290039,0.8699964797496795,177.93998404860892,"{"total_seq_len": 959; "num_seqs": 4; "len_cu_seqlens": 5}"
gdn_prefill_qk4_v8_d128_k_last,2ba465c0,PASSED,4.803395524024963,0.06587327994406224,72.91872407300613,"{"total_seq_len": 28; "num_seqs": 2; "len_cu_seqlens": 3}"
gdn_prefill_qk4_v8_d128_k_last,1efaf2a9,PASSED,7.328572492599488,0.07874591998755932,93.06605972420276,"{"total_seq_len": 42; "num_seqs": 2; "len_cu_seqlens": 3}"
gdn_prefill_qk4_v8_d128_k_last,a01a3f93,PASSED,367.9092694091797,1.9801260769367217,185.80093141257936,"{"total_seq_len": 2284; "num_seqs": 3; "len_cu_seqlens": 4}"
gdn_prefill_qk4_v8_d128_k_last,cc241d2e,PASSED,3.938935356140137,0.07459615968167782,52.8034602980723,"{"total_seq_len": 23; "num_seqs": 1; "len_cu_seqlens": 2}"
gemm_n4096_k4096,280860e6,PASSED,0.03282016005367041,0.06397344022989274,0.5130279055765802,"{"M": 256}"
gemm_n4096_k4096,2e90109a,PASSED,0.0334995198994875,0.06403391964733601,0.5231527303651662,"{"M": 248}"
gemm_n4096_k4096,e7c939ae,PASSED,0.03153664004057646,0.07267871994525194,0.4339184848650699,"{"M": 240}"
gemm_n4096_k4096,3ab6479f,PASSED,0.03208448000252247,0.06358815994113684,0.5045668884305328,"{"M": 232}"
gemm_n4096_k4096,29581017,PASSED,0.031043519992381335,0.06345568057149649,0.48921577568463903,"{"M": 224}"
gemm_n4096_k4096,e97cc8b3,PASSED,0.031772480066865685,0.06377856019884348,0.4981686630712279,"{"M": 216}"
gemm_n4096_k4096,c69f1da6,PASSED,0.03084576001390815,0.06383519995957614,0.483209264378295,"{"M": 208}"
gemm_n4096_k4096,38a98eb2,PASSED,0.03368991991505027,0.06382912009954453,0.527814261931063,"{"M": 200}"
gemm_n4096_k4096,62f7844c,PASSED,0.030591039918363094,0.06372800011187792,0.48002510457975905,"{"M": 192}"
gemm_n4096_k4096,1342c570,PASSED,0.030808319970965385,0.0635017604008317,0.4851569433114783,"{"M": 184}"
gemm_n4096_k4096,beb5da20,PASSED,0.02905791997909546,0.06330720014870167,0.45899865909156606,"{"M": 176}"
gemm_n4096_k4096,c8c9178e,PASSED,0.03010592011734843,0.06391968030482531,0.47099609969538175,"{"M": 168}"
gemm_n4096_k4096,c103a7db,PASSED,0.029638399984687567,0.06237151999026537,0.4751912409592291,"{"M": 160}"
gemm_n4096_k4096,ed0bbc00,PASSED,0.029558720011264087,0.06249312002211809,0.47299158692672755,"{"M": 152}"
gemm_n4096_k4096,83deae78,PASSED,0.02837983999401331,0.06235039990395307,0.4551669281629419,"{"M": 144}"
gemm_n4096_k4096,76fde2b6,PASSED,0.028907520044595004,0.0623478402197361,0.4636491006378819,"{"M": 136}"
gemm_n4096_k4096,29ebd771,PASSED,0.027250880002975465,0.04884704012423754,0.5578819091937933,"{"M": 128}"
gemm_n4096_k4096,73dd121d,PASSED,0.02753087991848588,0.04855872005224228,0.5669605765734057,"{"M": 120}"
gemm_n4096_k4096,27fa4c34,PASSED,0.026610879953950645,0.04778560008853674,0.5568807319495045,"{"M": 112}"
gemm_n4096_k4096,faac134d,PASSED,0.026651519928127528,0.04826783999800682,0.5521589515757921,"{"M": 104}"
gemm_n4096_k4096,1948bb55,PASSED,0.026188800018280743,0.04760479982942343,0.550129401071319,"{"M": 96}"
gemm_n4096_k4096,3a7e6db4,PASSED,0.02643392004072666,0.04785759996622801,0.5523452922708297,"{"M": 88}"
gemm_n4096_k4096,dcb04a7e,PASSED,0.02577983994036913,0.047702400162816044,0.5404306670603228,"{"M": 80}"
gemm_n4096_k4096,ef996a93,PASSED,0.027341120038181545,0.04809951983392238,0.5684281284425444,"{"M": 72}"
gemm_n4096_k4096,67d4c8f3,PASSED,0.026751999910920858,0.05065343990921974,0.528137870969185,"{"M": 64}"
gemm_n4096_k4096,54d34708,PASSED,0.02705375999212265,0.04632031999528408,0.5840581411112233,"{"M": 56}"
gemm_n4096_k4096,59ca23f5,PASSED,0.025768960006535054,0.045863360054790976,0.5618637617424888,"{"M": 48}"
gemm_n4096_k4096,54062a8b,PASSED,0.025869760047644377,0.04578016009181738,0.5650867099581914,"{"M": 40}"
gemm_n4096_k4096,5230e6ed,PASSED,0.025704319942742585,0.045616639889776704,0.5634856053591809,"{"M": 32}"
gemm_n4096_k4096,73212638,PASSED,0.025981120001524687,0.0452726398780942,0.5738812684986814,"{"M": 24}"
gemm_n4096_k4096,404d21b1,PASSED,0.02870015995576978,0.04643295980989933,0.6180988692788655,"{"M": 16}"
gemm_n4096_k4096,4cdab8cd,PASSED,0.02561119992285967,0.04755327992141247,0.5385790415547627,"{"M": 8}"
gemm_n4096_k4096,f439da26,PASSED,0.027487999983131884,0.051642239913344386,0.53227745406196,"{"M": 4}"
gemm_n4096_k4096,6c2f4ba8,PASSED,0.027671359982341527,0.06263872023671865,0.4417612600922943,"{"M": 2}"
gemm_n4096_k4096,e39649a6,PASSED,0.02773503998294473,0.08290751993656159,0.3345298472824512,"{"M": 1}"
gemm_n4096_k4096,094ef833,PASSED,0.02738911993801594,0.04733472000807524,0.5786264275640247,"{"M": 7}"
gemm_n4096_k4096,4c6bdefd,PASSED,0.02596320005133748,0.04544863991439343,0.5712646209048606,"{"M": 35}"
gemm_n4096_k4096,da2a2234,PASSED,0.06930751986801624,0.09299615994095803,0.7452729221509643,"{"M": 972}"
gemm_n4096_k4096,897b6544,PASSED,0.02712896006181836,0.05011008001863956,0.5413872827927463,"{"M": 70}"
gemm_n4096_k4096,8a8311fa,PASSED,0.16574207991361617,0.24531679958105088,0.6756246624636736,"{"M": 2053}"
gemm_n4096_k4096,b626104c,PASSED,0.6260672003030777,0.7066380816698075,0.8859799896768396,"{"M": 8192}"
gemm_n4096_k4096,547e0ce5,PASSED,0.22136992007493972,0.26283871978521345,0.8422272040277734,"{"M": 2379}"
gemm_n4096_k4096,339de815,PASSED,0.029942080024629832,0.048791360035538675,0.6136758639812583,"{"M": 15}"
gqa_paged_decode_h32_kv8_d128_ps1,e2142798,PASSED,4.069846386909485,0.04976736001670361,81.77742169854915,"{"batch_size": 1; "num_pages": 9316; "len_indptr": 2; "num_kv_indices": 73}"
gqa_paged_decode_h32_kv8_d128_ps1,2849bdc5,PASSED,4.031959357261658,0.048788479976356026,82.6416268597758,"{"batch_size": 1; "num_pages": 63; "len_indptr": 2; "num_kv_indices": 46}"
gqa_paged_decode_h32_kv8_d128_ps1,aa937325,PASSED,4.133946869373322,0.04888511992990971,84.56452342349725,"{"batch_size": 1; "num_pages": 82; "len_indptr": 2; "num_kv_indices": 65}"
gqa_paged_decode_h32_kv8_d128_ps1,be0e9c07,PASSED,4.003052790164947,0.048833599835634234,81.97332991298114,"{"batch_size": 1; "num_pages": 18; "len_indptr": 2; "num_kv_indices": 2}"
gqa_paged_decode_h32_kv8_d128_ps1,13bd6f6d,PASSED,4.053557124137878,0.04885632015764713,82.96894058042159,"{"batch_size": 1; "num_pages": 67; "len_indptr": 2; "num_kv_indices": 50}"
gqa_paged_decode_h32_kv8_d128_ps1,4b6e577b,PASSED,4.079346883296966,0.04843135993927717,84.22945150438925,"{"batch_size": 1; "num_pages": 406; "len_indptr": 2; "num_kv_indices": 356}"
gqa_paged_decode_h32_kv8_d128_ps1,233743f3,PASSED,3.7534137773513794,0.04534048013389111,82.78284143148667,"{"batch_size": 1; "num_pages": 597; "len_indptr": 2; "num_kv_indices": 547}"
gqa_paged_decode_h32_kv8_d128_ps1,55b7d182,PASSED,3.602773759365082,0.042839999981224536,84.09836043286806,"{"batch_size": 1; "num_pages": 71; "len_indptr": 2; "num_kv_indices": 54}"
gqa_paged_decode_h32_kv8_d128_ps1,d8826343,PASSED,3.621012799739838,0.04284895997494459,84.50643380509541,"{"batch_size": 1; "num_pages": 223; "len_indptr": 2; "num_kv_indices": 173}"
gqa_paged_decode_h32_kv8_d128_ps1,cc152036,PASSED,3.599825599193573,0.04384896006435156,82.09603132914819,"{"batch_size": 1; "num_pages": 74; "len_indptr": 2; "num_kv_indices": 57}"
gqa_paged_decode_h32_kv8_d128_ps1,2f08e877,PASSED,3.6047599840164186,0.04239680025726557,85.02434056680181,"{"batch_size": 1; "num_pages": 78; "len_indptr": 2; "num_kv_indices": 61}"
gqa_paged_decode_h32_kv8_d128_ps1,62aad293,PASSED,3.582413442134857,0.04222272012382746,84.84563362162925,"{"batch_size": 1; "num_pages": 11; "len_indptr": 2; "num_kv_indices": 10}"
gqa_paged_decode_h32_kv8_d128_ps1,7e5dca40,PASSED,3.61221727848053,0.042397759817540646,85.19830514691714,"{"batch_size": 1; "num_pages": 15; "len_indptr": 2; "num_kv_indices": 14}"
gqa_paged_decode_h32_kv8_d128_ps1,d58b7e5a,PASSED,3.599288320541382,0.042675519920885564,84.34081944904148,"{"batch_size": 1; "num_pages": 55; "len_indptr": 2; "num_kv_indices": 38}"
gqa_paged_decode_h32_kv8_d128_ps1,86584e1f,PASSED,3.669486413002014,0.0426188800111413,86.10001980443286,"{"batch_size": 1; "num_pages": 9341; "len_indptr": 2; "num_kv_indices": 98}"
gqa_paged_decode_h32_kv8_d128_ps1,1ae14253,PASSED,3.58905344247818,0.04259231999516487,84.26527230462237,"{"batch_size": 1; "num_pages": 59; "len_indptr": 2; "num_kv_indices": 42}"
gqa_paged_decode_h32_kv8_d128_ps1,39ca5ed6,PASSED,56.13189743041992,0.0436956799775362,1284.6097705603195,"{"batch_size": 16; "num_pages": 2708; "len_indptr": 17; "num_kv_indices": 2681}"
gqa_paged_decode_h32_kv8_d128_ps1,85fac3ed,PASSED,55.81461849212646,0.04353920001536608,1281.939458520783,"{"batch_size": 16; "num_pages": 2212; "len_indptr": 17; "num_kv_indices": 2185}"
gqa_paged_decode_h32_kv8_d128_ps1,cd36924a,PASSED,55.80569091796875,0.04349024001508951,1283.1773496445692,"{"batch_size": 16; "num_pages": 1220; "len_indptr": 17; "num_kv_indices": 1193}"
gqa_paged_decode_h32_kv8_d128_ps1,db2de7f1,PASSED,55.96884761810303,0.04371520005166531,1280.3063362847615,"{"batch_size": 16; "num_pages": 1732; "len_indptr": 17; "num_kv_indices": 1705}"
gqa_paged_decode_h32_kv8_d128_ps1,1e15ed03,PASSED,56.196788215637206,0.08877439998090267,633.0292091833498,"{"batch_size": 16; "num_pages": 81390; "len_indptr": 17; "num_kv_indices": 12942}"
gqa_paged_decode_h32_kv8_d128_ps1,f31598f9,PASSED,55.452101974487306,0.04356895998120308,1272.7433016168152,"{"batch_size": 16; "num_pages": 1069; "len_indptr": 17; "num_kv_indices": 1034}"
gqa_paged_decode_h32_kv8_d128_ps1,5aecf120,PASSED,55.94961688995361,0.04370656002312898,1280.1194342530218,"{"batch_size": 16; "num_pages": 2868; "len_indptr": 17; "num_kv_indices": 2841}"
gqa_paged_decode_h32_kv8_d128_ps1,8a1fd5df,PASSED,55.7052954864502,0.043653439842164514,1276.0803200815549,"{"batch_size": 16; "num_pages": 2372; "len_indptr": 17; "num_kv_indices": 2345}"
gqa_paged_decode_h32_kv8_d128_ps1,ccdc67b6,PASSED,56.081029739379886,0.09781216010451317,573.3543731112451,"{"batch_size": 16; "num_pages": 30163; "len_indptr": 17; "num_kv_indices": 20911}"
gqa_paged_decode_h32_kv8_d128_ps1,16e73fbc,PASSED,55.56899799346924,0.04400351997464895,1262.8307468466915,"{"batch_size": 16; "num_pages": 1892; "len_indptr": 17; "num_kv_indices": 1865}"
gqa_paged_decode_h32_kv8_d128_ps1,d2c89e1d,PASSED,55.34514251708984,0.04340192001312971,1275.1772847917127,"{"batch_size": 16; "num_pages": 1396; "len_indptr": 17; "num_kv_indices": 1369}"
gqa_paged_decode_h32_kv8_d128_ps1,434980b4,PASSED,55.56610885620117,0.0453897600620985,1224.1992198280016,"{"batch_size": 16; "num_pages": 4333; "len_indptr": 17; "num_kv_indices": 4298}"
gqa_paged_decode_h32_kv8_d128_ps1,0ea2f83b,PASSED,55.57716064453125,0.04439712010324001,1251.8190485169632,"{"batch_size": 16; "num_pages": 3044; "len_indptr": 17; "num_kv_indices": 3017}"
gqa_paged_decode_h32_kv8_d128_ps1,127a80a4,PASSED,55.6677322769165,0.043839360065758226,1269.8116987432284,"{"batch_size": 16; "num_pages": 2548; "len_indptr": 17; "num_kv_indices": 2521}"
gqa_paged_decode_h32_kv8_d128_ps1,f248b828,PASSED,55.527124900817874,0.04359743982553482,1273.6326977690073,"{"batch_size": 16; "num_pages": 2052; "len_indptr": 17; "num_kv_indices": 2025}"
gqa_paged_decode_h32_kv8_d128_ps1,ebe29c4a,PASSED,55.499327964782715,0.044289279989898206,1253.1097362034643,"{"batch_size": 16; "num_pages": 1556; "len_indptr": 17; "num_kv_indices": 1529}"
gqa_paged_decode_h32_kv8_d128_ps1,91552da7,PASSED,222.99325286865235,0.14601855993270874,1527.1569105421713,"{"batch_size": 64; "num_pages": 60071; "len_indptr": 65; "num_kv_indices": 50902}"
gqa_paged_decode_h32_kv8_d128_ps1,27b811f9,PASSED,223.12794799804686,0.15703904002904892,1420.8438102829264,"{"batch_size": 64; "num_pages": 66637; "len_indptr": 65; "num_kv_indices": 57366}"
gqa_paged_decode_h32_kv8_d128_ps1,cfccc048,PASSED,223.3468508911133,0.15095104053616523,1479.5979550575094,"{"batch_size": 64; "num_pages": 62605; "len_indptr": 65; "num_kv_indices": 53334}"
gqa_paged_decode_h32_kv8_d128_ps1,9608dc13,PASSED,223.0949559020996,0.1533798396587372,1454.5259429040689,"{"batch_size": 64; "num_pages": 64653; "len_indptr": 65; "num_kv_indices": 55382}"
gqa_paged_decode_h32_kv8_d128_ps1,d4415ca7,PASSED,223.4336408996582,0.15782975986599923,1415.662300249066,"{"batch_size": 64; "num_pages": 67021; "len_indptr": 65; "num_kv_indices": 57750}"
gqa_paged_decode_h32_kv8_d128_ps1,43de6e71,PASSED,223.16501525878905,0.15393280059099199,1449.756090982525,"{"batch_size": 64; "num_pages": 65037; "len_indptr": 65; "num_kv_indices": 55766}"
gqa_paged_decode_h32_kv8_d128_ps1,12b921da,PASSED,223.02212448120116,0.15042464002966882,1482.616973105029,"{"batch_size": 64; "num_pages": 63053; "len_indptr": 65; "num_kv_indices": 53782}"
gqa_paged_decode_h32_kv8_d128_ps1,817a4061,PASSED,223.68890563964842,0.15967967942357064,1400.8601873898128,"{"batch_size": 64; "num_pages": 67405; "len_indptr": 65; "num_kv_indices": 58134}"
gqa_paged_decode_h32_kv8_d128_ps1,7077cfb4,PASSED,223.36589569091797,0.15400160014629363,1450.4128234948976,"{"batch_size": 64; "num_pages": 65421; "len_indptr": 65; "num_kv_indices": 56150}"
gqa_paged_decode_h32_kv8_d128_ps1,d562ca35,PASSED,227.14581588745116,0.15170975983142854,1497.2393083994266,"{"batch_size": 64; "num_pages": 63437; "len_indptr": 65; "num_kv_indices": 54166}"
gqa_paged_decode_h32_kv8_d128_ps1,556fea1d,PASSED,223.706796875,0.1557161594927311,1436.6318666203858,"{"batch_size": 64; "num_pages": 65805; "len_indptr": 65; "num_kv_indices": 56534}"
gqa_paged_decode_h32_kv8_d128_ps1,116916f0,PASSED,224.77498947143556,0.15157535955309867,1482.925655820029,"{"batch_size": 64; "num_pages": 63821; "len_indptr": 65; "num_kv_indices": 54550}"
gqa_paged_decode_h32_kv8_d128_ps1,e165c254,PASSED,224.58383041381836,0.1610937596857548,1394.1187470694924,"{"batch_size": 64; "num_pages": 67853; "len_indptr": 65; "num_kv_indices": 58582}"
gqa_paged_decode_h32_kv8_d128_ps1,486d0874,PASSED,228.7862174987793,0.15724288046360016,1454.9861769527975,"{"batch_size": 64; "num_pages": 66253; "len_indptr": 65; "num_kv_indices": 56982}"
gqa_paged_decode_h32_kv8_d128_ps1,5444fc56,PASSED,229.0778936767578,0.16279584020376206,1407.1483238763003,"{"batch_size": 64; "num_pages": 68237; "len_indptr": 65; "num_kv_indices": 58966}"
gqa_paged_decode_h32_kv8_d128_ps1,d78eb414,PASSED,227.53349166870117,0.15251680135726928,1491.8585339047727,"{"batch_size": 64; "num_pages": 64205; "len_indptr": 65; "num_kv_indices": 54934}"
gqa_ragged_prefill_causal_h32_kv8_d128,f7a038e9,PASSED,0.46174688041210177,0.054082560054957866,8.537814776942543,"{"len_indptr": 2; "total_q": 7; "total_kv": 7}"
gqa_ragged_prefill_causal_h32_kv8_d128,f4c23a33,PASSED,0.40937503963708877,0.052438080124557016,7.806827379352822,"{"len_indptr": 2; "total_q": 1; "total_kv": 1}"
gqa_ragged_prefill_causal_h32_kv8_d128,bad384fa,PASSED,0.4563424003124237,0.05222623981535435,8.737799273426928,"{"len_indptr": 2; "total_q": 35; "total_kv": 35}"
gqa_ragged_prefill_causal_h32_kv8_d128,2068cdff,PASSED,0.8213625597953796,0.052833919785916804,15.546121944454304,"{"len_indptr": 3; "total_q": 81; "total_kv": 81}"
gqa_ragged_prefill_causal_h32_kv8_d128,6f3e1bfe,PASSED,36.017137336730954,1.082723834514618,33.265303846273355,"{"len_indptr": 26; "total_q": 13557; "total_kv": 13557}"
gqa_ragged_prefill_causal_h32_kv8_d128,adefedc4,PASSED,36.81197502136231,1.0218566405773162,36.02459832385561,"{"len_indptr": 37; "total_q": 12845; "total_kv": 12845}"
gqa_ragged_prefill_causal_h32_kv8_d128,fab48473,PASSED,0.41520416051149367,0.04660639997571707,8.9087370131103,"{"len_indptr": 2; "total_q": 7; "total_kv": 7}"
gqa_ragged_prefill_causal_h32_kv8_d128,3a919718,PASSED,0.368751679956913,0.04757663998752833,7.750687733593146,"{"len_indptr": 2; "total_q": 1; "total_kv": 1}"
gqa_ragged_prefill_causal_h32_kv8_d128,32f5e961,PASSED,0.4160531207919121,0.046360960006713865,8.974212801712053,"{"len_indptr": 2; "total_q": 35; "total_kv": 35}"
gqa_ragged_prefill_causal_h32_kv8_d128,daa2d149,PASSED,0.4124553614854813,0.047273599989712235,8.724856189823507,"{"len_indptr": 2; "total_q": 35; "total_kv": 35}"
gqa_ragged_prefill_causal_h32_kv8_d128,ef683298,PASSED,0.4086985599994659,0.04614655986428261,8.85653364414274,"{"len_indptr": 2; "total_q": 18; "total_kv": 18}"
gqa_ragged_prefill_causal_h32_kv8_d128,568a6016,PASSED,0.4129411181807518,0.04703839987516403,8.778808787642923,"{"len_indptr": 2; "total_q": 18; "total_kv": 18}"
gqa_ragged_prefill_causal_h32_kv8_d128,b8f94163,PASSED,0.4112393605709076,0.04650208007544279,8.843461623732361,"{"len_indptr": 2; "total_q": 7; "total_kv": 7}"
gqa_ragged_prefill_causal_h32_kv8_d128,bdc49f9e,PASSED,0.3696598422527313,0.04694336000829935,7.874592747246411,"{"len_indptr": 2; "total_q": 1; "total_kv": 1}"
gqa_ragged_prefill_causal_h32_kv8_d128,da9042ea,PASSED,0.41620671868324277,0.0465548799559474,8.940130853673747,"{"len_indptr": 2; "total_q": 35; "total_kv": 35}"
gqa_ragged_prefill_causal_h32_kv8_d128,58701318,PASSED,0.4167759981751442,0.04730272009968758,8.810825197722549,"{"len_indptr": 2; "total_q": 35; "total_kv": 35}"
gqa_ragged_prefill_causal_h32_kv8_d128,2328b031,PASSED,4.63293761253357,0.10286240004003049,45.0401469412593,"{"len_indptr": 16; "total_q": 982; "total_kv": 982}"
gqa_ragged_prefill_causal_h32_kv8_d128,012bb8e4,PASSED,0.4087094399333,0.04711679991334677,8.674388767593806,"{"len_indptr": 2; "total_q": 71; "total_kv": 71}"
gqa_ragged_prefill_causal_h32_kv8_d128,370287f0,PASSED,0.40985407948493957,0.04621184013783932,8.86902746703959,"{"len_indptr": 2; "total_q": 71; "total_kv": 71}"
gqa_ragged_prefill_causal_h32_kv8_d128,7a08a0f6,PASSED,32.47754661560059,0.9956079971790314,32.620817337368614,"{"len_indptr": 11; "total_q": 12571; "total_kv": 12571}"
gqa_ragged_prefill_causal_h32_kv8_d128,dc8c1d18,PASSED,1.6414236807823182,0.046958400085568425,34.95484679612778,"{"len_indptr": 6; "total_q": 92; "total_kv": 92}"
mla_paged_decode_h16_ckv512_kpe64_ps1,00cb2bc2,PASSED,2.131313588619232,0.09222111970186234,23.110905565986005,"{"batch_size": 1; "num_pages": 989669; "len_indptr": 2; "num_kv_indices": 8}"
mla_paged_decode_h16_ckv512_kpe64_ps1,c2e8ef55,PASSED,2.1551865625381468,0.0888636802881956,24.25272682324902,"{"batch_size": 1; "num_pages": 989669; "len_indptr": 2; "num_kv_indices": 108}"
mla_paged_decode_h16_ckv512_kpe64_ps1,deb5f26c,PASSED,2.3184665632247925,0.08969407960772514,25.848601974227833,"{"batch_size": 1; "num_pages": 989669; "len_indptr": 2; "num_kv_indices": 208}"
mla_paged_decode_h16_ckv512_kpe64_ps1,7cd78cb9,PASSED,2.164568314552307,0.08895328007638455,24.333766137612724,"{"batch_size": 1; "num_pages": 989669; "len_indptr": 2; "num_kv_indices": 308}"
mla_paged_decode_h16_ckv512_kpe64_ps1,951de642,PASSED,2.3785558271408083,0.08963711991906166,26.535388790810533,"{"batch_size": 1; "num_pages": 989669; "len_indptr": 2; "num_kv_indices": 408}"
mla_paged_decode_h16_ckv512_kpe64_ps1,4d9f5e3e,PASSED,2.1658486485481263,0.08963200017809868,24.16378798023683,"{"batch_size": 1; "num_pages": 989669; "len_indptr": 2; "num_kv_indices": 508}"
mla_paged_decode_h16_ckv512_kpe64_ps1,5c200fe9,PASSED,2.3988083243370055,0.09600351989269257,24.98667056185295,"{"batch_size": 1; "num_pages": 989669; "len_indptr": 2; "num_kv_indices": 608}"
mla_paged_decode_h16_ckv512_kpe64_ps1,d232cde2,PASSED,2.2134783935546873,0.08945855982601643,24.74305866156993,"{"batch_size": 1; "num_pages": 989669; "len_indptr": 2; "num_kv_indices": 708}"
mla_paged_decode_h16_ckv512_kpe64_ps1,2cde88e6,PASSED,2.2315385603904723,0.09141087986528873,24.412176796449916,"{"batch_size": 1; "num_pages": 989669; "len_indptr": 2; "num_kv_indices": 808}"
mla_paged_decode_h16_ckv512_kpe64_ps1,53a7dfec,PASSED,2.290947196483612,0.1478556802868843,15.494482133107692,"{"batch_size": 1; "num_pages": 989669; "len_indptr": 2; "num_kv_indices": 2708}"
mla_paged_decode_h16_ckv512_kpe64_ps1,f26d4f7f,PASSED,2.1889865612983703,0.12822080098092556,17.07200816522749,"{"batch_size": 1; "num_pages": 989669; "len_indptr": 2; "num_kv_indices": 1908}"
mla_paged_decode_h16_ckv512_kpe64_ps1,e6bef587,PASSED,2.310072000026703,0.09476160049438477,24.377722494921237,"{"batch_size": 1; "num_pages": 989669; "len_indptr": 2; "num_kv_indices": 1008}"
mla_paged_decode_h16_ckv512_kpe64_ps1,d0da33e2,PASSED,2.1709302473068237,0.1328758405148983,16.338035860352015,"{"batch_size": 1; "num_pages": 989669; "len_indptr": 2; "num_kv_indices": 2408}"
mla_paged_decode_h16_ckv512_kpe64_ps1,990b57e3,PASSED,2.262659184932709,0.09471136018633843,23.8900505755706,"{"batch_size": 1; "num_pages": 989669; "len_indptr": 2; "num_kv_indices": 1108}"
mla_paged_decode_h16_ckv512_kpe64_ps1,28210082,PASSED,2.2226668858528136,0.0963868799060583,23.05984889249548,"{"batch_size": 1; "num_pages": 989669; "len_indptr": 2; "num_kv_indices": 1208}"
mla_paged_decode_h16_ckv512_kpe64_ps1,5e86857b,PASSED,5.359498229026794,0.09735487975180149,55.05115144397906,"{"batch_size": 16; "num_pages": 989669; "len_indptr": 17; "num_kv_indices": 2757}"
mla_paged_decode_h16_ckv512_kpe64_ps1,34026642,PASSED,4.90321918964386,0.07589439988136291,64.6058101428894,"{"batch_size": 16; "num_pages": 989669; "len_indptr": 17; "num_kv_indices": 1857}"
mla_paged_decode_h16_ckv512_kpe64_ps1,89070a1d,PASSED,4.9157596731185915,0.09017119996249676,54.51585068362307,"{"batch_size": 16; "num_pages": 989669; "len_indptr": 17; "num_kv_indices": 3557}"
mla_paged_decode_h16_ckv512_kpe64_ps1,1250b1f6,PASSED,5.009017281532287,0.0945116800069809,52.99892331997809,"{"batch_size": 16; "num_pages": 989669; "len_indptr": 17; "num_kv_indices": 4357}"
mla_paged_decode_h16_ckv512_kpe64_ps1,5bfb8416,PASSED,4.8712624120712285,0.07571712002158165,64.3350197509199,"{"batch_size": 16; "num_pages": 989669; "len_indptr": 17; "num_kv_indices": 7257}"
mla_paged_decode_h16_ckv512_kpe64_ps1,57106903,PASSED,4.858746247291565,0.07533504016697407,64.49517032874137,"{"batch_size": 16; "num_pages": 989669; "len_indptr": 17; "num_kv_indices": 8057}"
mla_paged_decode_h16_ckv512_kpe64_ps1,373074ba,PASSED,4.74919933795929,0.07454111993312836,63.71247631132787,"{"batch_size": 16; "num_pages": 989669; "len_indptr": 17; "num_kv_indices": 5057}"
mla_paged_decode_h16_ckv512_kpe64_ps1,c4e14a53,PASSED,4.877031674385071,0.11058495976030827,44.102124601356145,"{"batch_size": 16; "num_pages": 989669; "len_indptr": 17; "num_kv_indices": 9657}"
mla_paged_decode_h16_ckv512_kpe64_ps1,f42ce054,PASSED,4.80735936164856,0.07490079961717129,64.18301788792192,"{"batch_size": 16; "num_pages": 989669; "len_indptr": 17; "num_kv_indices": 5857}"
mla_paged_decode_h16_ckv512_kpe64_ps1,220b10b5,PASSED,5.00877760887146,0.11333183974027633,44.19567899321253,"{"batch_size": 16; "num_pages": 989669; "len_indptr": 17; "num_kv_indices": 10857}"
mla_paged_decode_h16_ckv512_kpe64_ps1,787d2d2f,PASSED,4.8527215957641605,0.07677408017218113,63.20781160622138,"{"batch_size": 16; "num_pages": 989669; "len_indptr": 17; "num_kv_indices": 6657}"
mla_paged_decode_h16_ckv512_kpe64_ps1,e417264f,PASSED,4.973096947669983,0.11794623978435993,42.16409914179759,"{"batch_size": 16; "num_pages": 989669; "len_indptr": 17; "num_kv_indices": 12857}"
mla_paged_decode_h16_ckv512_kpe64_ps1,a128f96f,PASSED,4.844991021156311,0.07470624022185803,64.85389984515287,"{"batch_size": 16; "num_pages": 989669; "len_indptr": 17; "num_kv_indices": 457}"
mla_paged_decode_h16_ckv512_kpe64_ps1,bd2dae14,PASSED,4.933840322494507,0.12104095958173275,40.76174164137337,"{"batch_size": 16; "num_pages": 989669; "len_indptr": 17; "num_kv_indices": 14857}"
mla_paged_decode_h16_ckv512_kpe64_ps1,84221f45,PASSED,4.939520015716552,0.12920991986989974,38.22864390512825,"{"batch_size": 16; "num_pages": 989669; "len_indptr": 17; "num_kv_indices": 17257}"
mla_paged_decode_h16_ckv512_kpe64_ps1,7a9dc58c,PASSED,4.9533952045440675,0.09682144060730934,51.16010641314627,"{"batch_size": 16; "num_pages": 989669; "len_indptr": 17; "num_kv_indices": 8857}"
mla_paged_decode_h16_ckv512_kpe64_ps1,fd4b2558,PASSED,13.6676979637146,0.12776352025568485,106.97652926564892,"{"batch_size": 64; "num_pages": 989669; "len_indptr": 65; "num_kv_indices": 27545}"
mla_paged_decode_h16_ckv512_kpe64_ps1,7e083fc8,PASSED,13.881060829162598,0.13002751991152764,106.75479189795703,"{"batch_size": 64; "num_pages": 989669; "len_indptr": 65; "num_kv_indices": 30745}"
mla_paged_decode_h16_ckv512_kpe64_ps1,60b29b12,PASSED,13.975031728744506,0.13478495977818966,103.68391066586858,"{"batch_size": 64; "num_pages": 989669; "len_indptr": 65; "num_kv_indices": 33945}"
mla_paged_decode_h16_ckv512_kpe64_ps1,b018a35e,PASSED,13.97879524230957,0.13793856009840966,101.34073628386915,"{"batch_size": 64; "num_pages": 989669; "len_indptr": 65; "num_kv_indices": 37145}"
mla_paged_decode_h16_ckv512_kpe64_ps1,86a0eb47,PASSED,13.990411491394044,0.14041567981243133,99.63567822398876,"{"batch_size": 64; "num_pages": 989669; "len_indptr": 65; "num_kv_indices": 40345}"
mla_paged_decode_h16_ckv512_kpe64_ps1,80797c3d,PASSED,13.78638334274292,0.16869791984558105,81.7223078705558,"{"batch_size": 64; "num_pages": 989669; "len_indptr": 65; "num_kv_indices": 44845}"
mla_paged_decode_h16_ckv512_kpe64_ps1,f4367b30,PASSED,14.0273686504364,0.16764063954353334,83.67522749037079,"{"batch_size": 64; "num_pages": 989669; "len_indptr": 65; "num_kv_indices": 48045}"
mla_paged_decode_h16_ckv512_kpe64_ps1,b15c7099,PASSED,14.110974397659302,0.17255167961120604,81.77825002604548,"{"batch_size": 64; "num_pages": 989669; "len_indptr": 65; "num_kv_indices": 51245}"
mla_paged_decode_h16_ckv512_kpe64_ps1,65082ffb,PASSED,14.161503982543945,0.17423744067549707,81.27704314090899,"{"batch_size": 64; "num_pages": 989669; "len_indptr": 65; "num_kv_indices": 54445}"
mla_paged_decode_h16_ckv512_kpe64_ps1,d771f51c,PASSED,14.08324800491333,0.17529600039124488,80.3398136493747,"{"batch_size": 64; "num_pages": 989669; "len_indptr": 65; "num_kv_indices": 57645}"
mla_paged_decode_h16_ckv512_kpe64_ps1,5bef8d88,PASSED,14.227813758850097,0.3538345596194267,40.21035642802411,"{"batch_size": 64; "num_pages": 989669; "len_indptr": 65; "num_kv_indices": 75145}"
mla_paged_decode_h16_ckv512_kpe64_ps1,45be562f,PASSED,13.93287133216858,0.113605440184474,122.64264202087683,"{"batch_size": 64; "num_pages": 989669; "len_indptr": 65; "num_kv_indices": 9945}"
mla_paged_decode_h16_ckv512_kpe64_ps1,939f995a,PASSED,14.179593944549561,0.3523788797855377,40.23962489800593,"{"batch_size": 64; "num_pages": 989669; "len_indptr": 65; "num_kv_indices": 62345}"
mla_paged_decode_h16_ckv512_kpe64_ps1,c9ba5e7f,PASSED,14.214245138168335,0.11977728053927422,118.67229806997975,"{"batch_size": 64; "num_pages": 989669; "len_indptr": 65; "num_kv_indices": 16345}"
mla_paged_decode_h16_ckv512_kpe64_ps1,0c746a7a,PASSED,14.124068117141723,0.11740160033106804,120.30558422808879,"{"batch_size": 64; "num_pages": 989669; "len_indptr": 65; "num_kv_indices": 22745}"
mla_paged_decode_h16_ckv512_kpe64_ps1,1c3743b9,PASSED,14.398737277984619,0.35354079961776735,40.72722948398571,"{"batch_size": 64; "num_pages": 989669; "len_indptr": 65; "num_kv_indices": 68745}"
mla_paged_prefill_causal_h16_ckv512_kpe64_ps1,55b51e96,PASSED,7.331779227256775,0.10715487994253635,68.42226160104484,"{"total_q": 33; "num_pages": 989669; "len_indptr": 2; "num_kv_indices": 34}"
mla_paged_prefill_causal_h16_ckv512_kpe64_ps1,d30e4c23,PASSED,2.173564796447754,0.09959616020321846,21.823781077631494,"{"total_q": 1; "num_pages": 989669; "len_indptr": 2; "num_kv_indices": 34}"
mla_paged_prefill_causal_h16_ckv512_kpe64_ps1,7572654f,PASSED,4.784742383956909,0.10467424005270004,45.71079170527485,"{"total_q": 17; "num_pages": 989669; "len_indptr": 2; "num_kv_indices": 19}"
mla_paged_prefill_causal_h16_ckv512_kpe64_ps1,473e30ea,PASSED,10.73835807800293,0.10508895993232727,102.18350324256674,"{"total_q": 52; "num_pages": 989669; "len_indptr": 5; "num_kv_indices": 67}"
mla_paged_prefill_causal_h16_ckv512_kpe64_ps1,bda0e743,PASSED,62.01087215423584,0.1613731199502945,384.27014470152267,"{"total_q": 376; "num_pages": 989669; "len_indptr": 2; "num_kv_indices": 381}"
mla_paged_prefill_causal_h16_ckv512_kpe64_ps1,7e602557,PASSED,43.84239124298096,0.1343539196252823,326.3201502811299,"{"total_q": 287; "num_pages": 989669; "len_indptr": 2; "num_kv_indices": 288}"
mla_paged_prefill_causal_h16_ckv512_kpe64_ps1,5ca61491,PASSED,2.701617603302002,0.09220479995012283,29.30018399002451,"{"total_q": 5; "num_pages": 989669; "len_indptr": 2; "num_kv_indices": 7}"
mla_paged_prefill_causal_h16_ckv512_kpe64_ps1,77737de2,PASSED,190.89504989624024,0.4589264014363289,415.9600521974434,"{"total_q": 1187; "num_pages": 989669; "len_indptr": 4; "num_kv_indices": 1205}"
mla_paged_prefill_causal_h16_ckv512_kpe64_ps1,b270fd9c,PASSED,3.4513295984268186,0.0898672004044056,38.40477485551695,"{"total_q": 10; "num_pages": 989669; "len_indptr": 2; "num_kv_indices": 12}"
mla_paged_prefill_causal_h16_ckv512_kpe64_ps1,3bdcf0e1,PASSED,2.5245974373817446,0.09016383990645409,28.000110021944945,"{"total_q": 3; "num_pages": 989669; "len_indptr": 2; "num_kv_indices": 5}"
mla_paged_prefill_causal_h16_ckv512_kpe64_ps1,6c8fe593,PASSED,3.90551168680191,0.08939744003117084,43.68706403047054,"{"total_q": 13; "num_pages": 989669; "len_indptr": 2; "num_kv_indices": 14}"
mla_paged_prefill_causal_h16_ckv512_kpe64_ps1,98814691,PASSED,5.995792303085327,0.09048576012253762,66.26227480396591,"{"total_q": 26; "num_pages": 989669; "len_indptr": 3; "num_kv_indices": 32}"
mla_paged_prefill_causal_h16_ckv512_kpe64_ps1,74202b1d,PASSED,1433.6483056640625,3.188459508419037,449.6366668225062,"{"total_q": 8987; "num_pages": 989669; "len_indptr": 57; "num_kv_indices": 14390}"
mla_paged_prefill_causal_h16_ckv512_kpe64_ps1,6e3567c4,PASSED,6.3865215730667115,0.09540735989809036,66.93950634299588,"{"total_q": 29; "num_pages": 989669; "len_indptr": 2; "num_kv_indices": 34}"
mla_paged_prefill_causal_h16_ckv512_kpe64_ps1,a455e8fb,PASSED,2.3652416014671327,0.09091263994574547,26.016641941963773,"{"total_q": 2; "num_pages": 989669; "len_indptr": 3; "num_kv_indices": 53}"
mla_paged_prefill_causal_h16_ckv512_kpe64_ps1,bb28f188,PASSED,169.4409342956543,0.4113254383206367,411.9388652144864,"{"total_q": 1028; "num_pages": 989669; "len_indptr": 2; "num_kv_indices": 1038}"
mla_paged_prefill_causal_h16_ckv512_kpe64_ps1,ed999c80,PASSED,7.4527164602279665,0.7633225595951081,9.763521812038594,"{"total_q": 22; "num_pages": 989669; "len_indptr": 23; "num_kv_indices": 17759}"
mla_paged_prefill_causal_h16_ckv512_kpe64_ps1,cb60b649,PASSED,4.227750411033631,0.09082464016973972,46.54849612541819,"{"total_q": 15; "num_pages": 989669; "len_indptr": 2; "num_kv_indices": 18}"
mla_paged_prefill_causal_h16_ckv512_kpe64_ps1,e6f75600,PASSED,12.592602548599244,0.09487040005624295,132.73478915587842,"{"total_q": 69; "num_pages": 989669; "len_indptr": 4; "num_kv_indices": 90}"
mla_paged_prefill_causal_h16_ckv512_kpe64_ps1,733a7bbe,PASSED,487.14359466552736,1.896046403646469,256.92598753313985,"{"total_q": 3024; "num_pages": 989669; "len_indptr": 4; "num_kv_indices": 3029}"
mla_paged_prefill_causal_h16_ckv512_kpe64_ps1,892d1b8f,PASSED,307.02015686035156,0.3161023983359337,971.2680399661818,"{"total_q": 1954; "num_pages": 989669; "len_indptr": 29; "num_kv_indices": 2044}"
mla_paged_prefill_causal_h16_ckv512_kpe64_ps1,4eeb9b51,PASSED,34.19445274353027,0.11964543998241424,285.7982113531134,"{"total_q": 199; "num_pages": 989669; "len_indptr": 2; "num_kv_indices": 203}"
mla_paged_prefill_causal_h16_ckv512_kpe64_ps1,77573fb4,PASSED,75.4635767364502,0.1635039998590946,461.53963695985186,"{"total_q": 473; "num_pages": 989669; "len_indptr": 6; "num_kv_indices": 491}"
mla_paged_prefill_causal_h16_ckv512_kpe64_ps1,9722a8a5,PASSED,17.29165985107422,0.10027456000447273,172.4431386216297,"{"total_q": 96; "num_pages": 989669; "len_indptr": 2; "num_kv_indices": 98}"
mla_paged_prefill_causal_h16_ckv512_kpe64_ps1,053a88a3,PASSED,973.5288110351562,1.874874564409256,519.2501031885832,"{"total_q": 6053; "num_pages": 989669; "len_indptr": 12; "num_kv_indices": 6091}"
mla_paged_prefill_causal_h16_ckv512_kpe64_ps1,a06f2653,PASSED,2594.057053222656,60.7964102935791,42.66793122646951,"{"total_q": 16384; "num_pages": 989669; "len_indptr": 2; "num_kv_indices": 16387}"
mla_paged_prefill_causal_h16_ckv512_kpe64_ps1,a8cff3c6,PASSED,8.473225622177123,0.09407743975520134,90.06649887821439,"{"total_q": 43; "num_pages": 989669; "len_indptr": 2; "num_kv_indices": 46}"
mla_paged_prefill_causal_h16_ckv512_kpe64_ps1,71df32c9,PASSED,3.3415350413322447,0.08947488032281399,37.34606885503966,"{"total_q": 6; "num_pages": 989669; "len_indptr": 7; "num_kv_indices": 109}"
mla_paged_prefill_causal_h16_ckv512_kpe64_ps1,22689bbd,PASSED,126.37991806030273,0.2848620793223381,443.6530069602436,"{"total_q": 805; "num_pages": 989669; "len_indptr": 5; "num_kv_indices": 814}"
mla_paged_prefill_causal_h16_ckv512_kpe64_ps1,a6fbb45c,PASSED,10.7228111743927,0.09404480017721653,114.01811853698241,"{"total_q": 58; "num_pages": 989669; "len_indptr": 2; "num_kv_indices": 60}"
mla_paged_prefill_causal_h16_ckv512_kpe64_ps1,d44f32e1,PASSED,21.656252517700196,0.10204864010214805,212.21500351227462,"{"total_q": 123; "num_pages": 989669; "len_indptr": 3; "num_kv_indices": 185}"
mla_paged_prefill_causal_h16_ckv512_kpe64_ps1,9265de63,PASSED,2.8423881578445434,0.08920639999210835,31.863051956989583,"{"total_q": 4; "num_pages": 989669; "len_indptr": 5; "num_kv_indices": 121}"
mla_paged_prefill_causal_h16_ckv512_kpe64_ps1,805238ee,PASSED,601.3922137451171,0.8825222390890122,681.4470923315283,"{"total_q": 3842; "num_pages": 989669; "len_indptr": 21; "num_kv_indices": 3916}"
mla_paged_prefill_causal_h16_ckv512_kpe64_ps1,fe63f292,PASSED,2578.1232836914064,9.190096626281738,280.53277223642215,"{"total_q": 15883; "num_pages": 989669; "len_indptr": 19; "num_kv_indices": 15937}"
mla_paged_prefill_causal_h16_ckv512_kpe64_ps1,54187805,PASSED,2421.855947265625,6.562090845108032,369.0677261914307,"{"total_q": 15092; "num_pages": 989669; "len_indptr": 27; "num_kv_indices": 15187}"
mla_paged_prefill_causal_h16_ckv512_kpe64_ps1,f96b666d,PASSED,24.73967288970947,0.10126560032367707,244.30480647558113,"{"total_q": 138; "num_pages": 989669; "len_indptr": 5; "num_kv_indices": 151}"
mla_paged_prefill_causal_h16_ckv512_kpe64_ps1,d88c9577,PASSED,3.185923528671265,0.09048256009817124,35.210360153543625,"{"total_q": 8; "num_pages": 989669; "len_indptr": 2; "num_kv_indices": 12}"
mla_paged_prefill_causal_h16_ckv512_kpe64_ps1,0e70750d,PASSED,1761.8006066894532,15.076614990234376,116.85650975571306,"{"total_q": 10870; "num_pages": 989669; "len_indptr": 3; "num_kv_indices": 10875}"
rmsnorm_h4096,33bf737d,PASSED,0.06944639980792999,0.029221119843423366,2.3765824232626014,"{"batch_size": 7}"
rmsnorm_h4096,864d596c,PASSED,0.06674560025334358,0.02418368002399802,2.759943903785958,"{"batch_size": 1}"
rmsnorm_h4096,f7c3b329,PASSED,0.06798432029783726,0.0242867199331522,2.799238451506016,"{"batch_size": 34}"
rmsnorm_h4096,b010c7f2,PASSED,0.06663263991475105,0.023964800015091894,2.780437970389445,"{"batch_size": 170}"
rmsnorm_h4096,f0f508c3,PASSED,0.984136318564415,0.09766304016113281,10.076855245758303,"{"batch_size": 14418}"
rmsnorm_h4096,cfddc087,PASSED,0.8258307182788849,0.08402591973543166,9.828285377644637,"{"batch_size": 11832}"
rmsnorm_h4096,14531e96,PASSED,0.07532448001205921,0.027464320063591004,2.7426304324174997,"{"batch_size": 64}"
rmsnorm_h4096,a497c980,PASSED,0.07577088035643101,0.02730016002431512,2.7754738539607473,"{"batch_size": 16}"
rmsnorm_h4096,d1337dc1,PASSED,0.7468630409240723,0.07979904010891914,9.359298556782958,"{"batch_size": 10827}"
rmsnorm_h4096,0cf0fdba,PASSED,0.6273475211858749,0.06856991976499557,9.149019327074246,"{"batch_size": 8804}"
rmsnorm_h4096,d9e317ac,PASSED,0.07450624004006386,0.02714527999982238,2.744721735806423,"{"batch_size": 63}"
rmsnorm_h4096,818219cc,PASSED,0.07426079995930195,0.027001600004732607,2.7502370210019462,"{"batch_size": 79}"
rmsnorm_h4096,841b0afa,PASSED,1.0046764826774597,0.10392799988389015,9.667043374258128,"{"batch_size": 14509}"
rmsnorm_h4096,9d403d2b,PASSED,0.10150528036057949,0.02673183996230364,3.797167740930624,"{"batch_size": 15}"
L1-005_conv_gated_projection_with_causal_conv,6033fd0f,PASSED,1.241625,0.756293,1.64172483415819,"{"batch_size": 2; "seq_len": 4096}"
L1-005_conv_gated_projection_with_causal_conv,36e77f89,PASSED,0.578436,0.375186,1.5417313012745677,"{"batch_size": 2; "seq_len": 1879}"
L1-005_conv_gated_projection_with_causal_conv,121c8e28,PASSED,0.6154765,0.391763,1.57104295198883,"{"batch_size": 16; "seq_len": 256}"
L1-005_conv_gated_projection_with_causal_conv,1408082c,PASSED,0.6169475,0.385139,1.601882696896445,"{"batch_size": 2; "seq_len": 2048}"
L1-005_conv_gated_projection_with_causal_conv,bb262a64,PASSED,0.30248200000000003,0.18214550000000002,1.6606613943248667,"{"batch_size": 1; "seq_len": 2048}"
L1-005_conv_gated_projection_with_causal_conv,66fd2ad8,PASSED,0.103633,0.0835365,1.2405714867153879,"{"batch_size": 1; "seq_len": 256}"
L1-005_conv_gated_projection_with_causal_conv,58e3ac47,PASSED,1.2502015,0.758086,1.649155240962107,"{"batch_size": 32; "seq_len": 256}"
L1-005_conv_gated_projection_with_causal_conv,0a859b3a,PASSED,0.6109009999999999,0.38587499999999997,1.5831577583414318,"{"batch_size": 1; "seq_len": 4096}"
L1-005_conv_gated_projection_with_causal_conv,3ac091d6,PASSED,0.295842,0.179009,1.6526655084381232,"{"batch_size": 4; "seq_len": 512}"
L1-005_conv_gated_projection_with_causal_conv,dcc98535,PASSED,0.1022085,0.083089,1.2301086786457895,"{"batch_size": 2; "seq_len": 128}"
L1-005_conv_gated_projection_with_causal_conv,d9432839,PASSED,1.246457,0.757558,1.6453618072807628,"{"batch_size": 8; "seq_len": 997}"
L1-005_conv_gated_projection_with_causal_conv,01719394,PASSED,1.268521,0.7571895,1.6753018894213405,"{"batch_size": 1; "seq_len": 8192}"
L1-005_conv_gated_projection_with_causal_conv,b0a9e3f0,PASSED,0.1755695,0.10859250000000001,1.6167737182586273,"{"batch_size": 1; "seq_len": 1024}"
L1-005_conv_gated_projection_with_causal_conv,b662596d,PASSED,0.311666,0.24366500000000002,1.2790757802720947,"{"batch_size": 4; "seq_len": 541}"
L1-005_conv_gated_projection_with_causal_conv,1979d4cb,PASSED,0.2977145,0.180385,1.650439338082435,"{"batch_size": 2; "seq_len": 1024}"
L1-005_conv_gated_projection_with_causal_conv,8b678b13,PASSED,0.176305,0.109425,1.611194882339502,"{"batch_size": 4; "seq_len": 256}"
L1-007_hyena_fft_size_padding_rfft,beb07143,PASSED,0.053391999999999995,1.2995455,0.04108513322542381,"{"batch_size": 8; "seqlen": 1024}"
L1-007_hyena_fft_size_padding_rfft,2a6f1210,PASSED,0.266897,5.246695,0.05086954740079231,"{"batch_size": 16; "seqlen": 1423}"
L1-007_hyena_fft_size_padding_rfft,06b703b1,PASSED,0.051696,0.276802,0.18676165634641367,"{"batch_size": 2; "seqlen": 773}"
L1-007_hyena_fft_size_padding_rfft,bf5e43ac,PASSED,1.125305,26.0767435,0.043153586259726026,"{"batch_size": 64; "seqlen": 1571}"
L1-007_hyena_fft_size_padding_rfft,4d7fea4e,PASSED,0.108609,2.248161,0.04831015216436901,"{"batch_size": 8; "seqlen": 1321}"
L1-007_hyena_fft_size_padding_rfft,617efd8c,PASSED,0.057104,0.08475250000000001,0.6737736349960177,"{"batch_size": 2; "seqlen": 256}"
L1-007_hyena_fft_size_padding_rfft,2e37472c,PASSED,3.6396965,584.5299715000001,0.006226706375140935,"{"batch_size": 64; "seqlen": 8192}"
L1-007_hyena_fft_size_padding_rfft,56c1a9ae,PASSED,0.0515205,0.0585925,0.87930195844178,"{"batch_size": 1; "seqlen": 131}"
L1-007_hyena_fft_size_padding_rfft,6e4e7fea,PASSED,0.885112,75.065996,0.011791117778547827,"{"batch_size": 32; "seqlen": 4096}"
L1-007_hyena_fft_size_padding_rfft,5d0f5000,PASSED,0.176513,4.693001499999999,0.03761196326061264,"{"batch_size": 8; "seqlen": 1879}"
L1-007_hyena_fft_size_padding_rfft,f17267fc,PASSED,0.5277959999999999,11.958987,0.044133838426281415,"{"batch_size": 32; "seqlen": 1489}"
L1-007_hyena_fft_size_padding_rfft,cfcdecc8,PASSED,0.23037,9.451236,0.024374589736199583,"{"batch_size": 16; "seqlen": 2048}"
L1-007_hyena_fft_size_padding_rfft,59d23189,PASSED,0.0802725,2.1204825,0.03785577103324361,"{"batch_size": 4; "seqlen": 1801}"
L1-007_hyena_fft_size_padding_rfft,a533ac79,PASSED,0.047808500000000004,0.221922,0.21542929497751462,"{"batch_size": 4; "seqlen": 512}"
L1-007_hyena_fft_size_padding_rfft,088b063f,PASSED,0.548597,293.6007935,0.0018685133424205136,"{"batch_size": 2; "seqlen": 32768}"
L1-007_hyena_fft_size_padding_rfft,da70c6cf,PASSED,0.051264000000000004,0.081457,0.6293381784254269,"{"batch_size": 2; "seqlen": 211}"
L1-018_fused_rope_with_qk_norm_and_kv_cache_update,2ff5eaf3,PASSED,0.11276900000000001,0.006144,18.354329427083336,"{"batch_size": 1; "seq_len": 1; "cache_len": 0}"
L1-018_fused_rope_with_qk_norm_and_kv_cache_update,3c3b2b9b,PASSED,0.19814549999999997,0.013503999999999999,14.673096860189572,"{"batch_size": 1; "seq_len": 256; "cache_len": 128}"
L1-018_fused_rope_with_qk_norm_and_kv_cache_update,8f5402ae,PASSED,0.13419399999999998,0.009455999999999999,14.191412859560067,"{"batch_size": 4; "seq_len": 1; "cache_len": 2048}"
L1-018_fused_rope_with_qk_norm_and_kv_cache_update,520daee2,PASSED,0.155313,0.0107685,14.42290012536565,"{"batch_size": 1; "seq_len": 128; "cache_len": 0}"
L1-018_fused_rope_with_qk_norm_and_kv_cache_update,052e17c9,PASSED,0.588309,0.0416485,14.125574750591257,"{"batch_size": 2; "seq_len": 512; "cache_len": 256}"
L1-018_fused_rope_with_qk_norm_and_kv_cache_update,d1dbaf22,PASSED,0.223282,0.016816499999999998,13.277554782505279,"{"batch_size": 2; "seq_len": 128; "cache_len": 0}"
L1-018_fused_rope_with_qk_norm_and_kv_cache_update,6a214883,PASSED,0.5513655,0.034112,16.16338825046904,"{"batch_size": 1; "seq_len": 1024; "cache_len": 512}"
L1-018_fused_rope_with_qk_norm_and_kv_cache_update,8603b54e,PASSED,1.92517,0.13313750000000002,14.460013144305698,"{"batch_size": 1; "seq_len": 4096; "cache_len": 2048}"
L1-018_fused_rope_with_qk_norm_and_kv_cache_update,39eb0040,PASSED,1.0271940000000002,0.064161,16.00963201945107,"{"batch_size": 1; "seq_len": 2048; "cache_len": 0}"
L1-018_fused_rope_with_qk_norm_and_kv_cache_update,f71286e4,PASSED,0.21299400000000002,0.015231999999999999,13.983324579831935,"{"batch_size": 1; "seq_len": 293; "cache_len": 131}"
L1-018_fused_rope_with_qk_norm_and_kv_cache_update,3c5b9152,PASSED,0.620438,0.040527999999999995,15.308872878010268,"{"batch_size": 8; "seq_len": 128; "cache_len": 0}"
L1-018_fused_rope_with_qk_norm_and_kv_cache_update,d90ee047,PASSED,1.1040105,0.071216,15.502281790608851,"{"batch_size": 8; "seq_len": 256; "cache_len": 1024}"
L1-018_fused_rope_with_qk_norm_and_kv_cache_update,13f5b933,PASSED,0.32574749999999997,0.0203205,16.030486454565587,"{"batch_size": 1; "seq_len": 541; "cache_len": 0}"
L1-053_gaussian_topk_sparse_activation,151250c8,PASSED,0.622869,0.010336,60.26209365325078,"{"batch_size": 1; "seq_len": 512; "intermediate_size": 12288}"
L1-053_gaussian_topk_sparse_activation,fcbd00bf,PASSED,2.0086905,0.1783215,11.264432499726619,"{"batch_size": 4; "seq_len": 2048; "intermediate_size": 12288}"
L1-053_gaussian_topk_sparse_activation,a1ce3f4a,PASSED,1.283212,0.087473,14.669806683205104,"{"batch_size": 32; "seq_len": 128; "intermediate_size": 12288}"
L1-053_gaussian_topk_sparse_activation,fe647339,PASSED,0.597653,0.006304,94.8053616751269,"{"batch_size": 2; "seq_len": 211; "intermediate_size": 8192}"
L1-053_gaussian_topk_sparse_activation,eb88804d,PASSED,1.027273,0.0462565,22.208186957508676,"{"batch_size": 1; "seq_len": 8192; "intermediate_size": 4096}"
L1-053_gaussian_topk_sparse_activation,084f1e52,PASSED,0.795847,0.032896,24.192819795719842,"{"batch_size": 1; "seq_len": 1024; "intermediate_size": 16384}"
L1-053_gaussian_topk_sparse_activation,75640ea8,PASSED,2.819194,0.202306,13.935296036696883,"{"batch_size": 16; "seq_len": 1163; "intermediate_size": 8192}"
L1-053_gaussian_topk_sparse_activation,75e273d1,PASSED,0.820951,0.025440499999999998,32.26945225133154,"{"batch_size": 4; "seq_len": 541; "intermediate_size": 8192}"
L1-053_gaussian_topk_sparse_activation,21ae223a,PASSED,0.657494,0.0118245,55.6043807349148,"{"batch_size": 4; "seq_len": 449; "intermediate_size": 4096}"
L1-053_gaussian_topk_sparse_activation,82eb0e10,PASSED,9.041922,0.70687,12.791492070677776,"{"batch_size": 64; "seq_len": 1024; "intermediate_size": 8192}"
L1-053_gaussian_topk_sparse_activation,cfc707ec,PASSED,0.597685,0.003296,181.33646844660194,"{"batch_size": 2; "seq_len": 131; "intermediate_size": 4096}"
L1-053_gaussian_topk_sparse_activation,30b3bded,PASSED,0.6419735,0.011648,55.11448317307692,"{"batch_size": 2; "seq_len": 293; "intermediate_size": 12288}"
L1-058_moe_expert_token_radix_sort_with_prefix_sum,e259b448,PASSED,0.23110599999999998,0.056161,4.115062053738359,"{"batch_size": 8; "seq_len": 256}"
L1-058_moe_expert_token_radix_sort_with_prefix_sum,e8a84cca,PASSED,0.24702600000000002,0.107649,2.2947356687010565,"{"batch_size": 64; "seq_len": 128}"
L1-058_moe_expert_token_radix_sort_with_prefix_sum,582fdc96,PASSED,0.22833799999999999,0.055888,4.085635556827941,"{"batch_size": 2; "seq_len": 1024}"
L1-058_moe_expert_token_radix_sort_with_prefix_sum,ce1a545f,PASSED,0.231026,0.0731045,3.1602158553850996,"{"batch_size": 32; "seq_len": 128}"
L1-058_moe_expert_token_radix_sort_with_prefix_sum,f761ce94,PASSED,0.228178,0.055889,4.082699636780046,"{"batch_size": 4; "seq_len": 512}"
L1-058_moe_expert_token_radix_sort_with_prefix_sum,3baabec0,PASSED,0.228786,0.056112999999999996,4.077237003902839,"{"batch_size": 1; "seq_len": 2048}"
L1-058_moe_expert_token_radix_sort_with_prefix_sum,c84061fe,PASSED,0.22838599999999998,0.056385,4.050474416954864,"{"batch_size": 4; "seq_len": 544}"
L1-058_moe_expert_token_radix_sort_with_prefix_sum,14ccf030,PASSED,0.228274,0.057505,3.9696374228327973,"{"batch_size": 2; "seq_len": 1056}"
L1-058_moe_expert_token_radix_sort_with_prefix_sum,4998bf90,PASSED,0.2288495,0.0575205,3.978572856633722,"{"batch_size": 2; "seq_len": 1088}"
L1-058_moe_expert_token_radix_sort_with_prefix_sum,8fe645cb,PASSED,0.233218,0.073328,3.1804767619463234,"{"batch_size": 2; "seq_len": 2048}"
L1-058_moe_expert_token_radix_sort_with_prefix_sum,368e546c,PASSED,0.230802,0.0573445,4.024832372764607,"{"batch_size": 1; "seq_len": 2080}"
L1-058_moe_expert_token_radix_sort_with_prefix_sum,bccc000a,PASSED,0.228962,0.056496500000000005,4.052675829476162,"{"batch_size": 1; "seq_len": 2112}"
L1-058_moe_expert_token_radix_sort_with_prefix_sum,13149551,PASSED,0.2278735,0.05824,3.912663118131868,"{"batch_size": 2; "seq_len": 1120}"
L1-058_moe_expert_token_radix_sort_with_prefix_sum,af507a31,PASSED,0.23430600000000001,0.075153,3.1177198515029345,"{"batch_size": 1; "seq_len": 4096}"
L1-058_moe_expert_token_radix_sort_with_prefix_sum,b1aeedac,PASSED,0.2312815,0.0729925,3.1685652635544748,"{"batch_size": 4; "seq_len": 1024}"
L1-058_moe_expert_token_radix_sort_with_prefix_sum,2eb27620,PASSED,0.22957,0.0583365,3.9352720852296588,"{"batch_size": 8; "seq_len": 288}"
L1-070_mamba2_fused_intra_chunk_diagonal_computation,46445623,PASSED,21.683093,0.044033,492.4282469965707,"{"batch_size": 4; "num_chunks": 7}"
L1-070_mamba2_fused_intra_chunk_diagonal_computation,b7d2ce3a,PASSED,6.0243215,0.013536,445.0592124704492,"{"batch_size": 1; "num_chunks": 8}"
L1-070_mamba2_fused_intra_chunk_diagonal_computation,cfca350b,PASSED,3.0864575,0.009312,331.4494737972508,"{"batch_size": 4; "num_chunks": 1}"
L1-070_mamba2_fused_intra_chunk_diagonal_computation,34c7ec75,PASSED,12.1607735,0.026785,454.01431771513904,"{"batch_size": 2; "num_chunks": 8}"
L1-070_mamba2_fused_intra_chunk_diagonal_computation,cccd1cb3,PASSED,3.0790005000000003,0.009248,332.9369052768167,"{"batch_size": 1; "num_chunks": 4}"
L1-070_mamba2_fused_intra_chunk_diagonal_computation,336c7221,PASSED,1.6229095,0.008256,196.5733406007752,"{"batch_size": 1; "num_chunks": 2}"
L1-070_mamba2_fused_intra_chunk_diagonal_computation,019db6f8,PASSED,2.3752835,0.00864,274.9170717592593,"{"batch_size": 1; "num_chunks": 3}"
L1-070_mamba2_fused_intra_chunk_diagonal_computation,213a8256,PASSED,12.297478,0.027328,449.99553571428567,"{"batch_size": 16; "num_chunks": 1}"
L1-070_mamba2_fused_intra_chunk_diagonal_computation,d947725d,PASSED,3.069529,0.009344,328.50267551369865,"{"batch_size": 2; "num_chunks": 2}"
L1-070_mamba2_fused_intra_chunk_diagonal_computation,b16ebbcb,PASSED,51.6217295,0.091265,565.6246041746563,"{"batch_size": 4; "num_chunks": 16}"
L1-070_mamba2_fused_intra_chunk_diagonal_computation,405de7ad,PASSED,25.0330565,0.047968,521.8699236991328,"{"batch_size": 1; "num_chunks": 32}"
L1-070_mamba2_fused_intra_chunk_diagonal_computation,77a66754,PASSED,25.343524000000002,0.047584,532.6060020174849,"{"batch_size": 8; "num_chunks": 4}"
L1-070_mamba2_fused_intra_chunk_diagonal_computation,6c45c19e,PASSED,12.4273515,0.027104,458.5061798996458,"{"batch_size": 4; "num_chunks": 4}"
L1-070_mamba2_fused_intra_chunk_diagonal_computation,314bcaf9,PASSED,6.0748180000000005,0.01392,436.4093390804598,"{"batch_size": 2; "num_chunks": 4}"
L1-092_gqa_attention_with_qk_norm,c92bb0a5,PASSED,1.0753365000000001,0.468836,2.293630395276814,"{"batch_size": 1; "seq_len": 512}"
L1-092_gqa_attention_with_qk_norm,51c2b5bd,PASSED,0.8055905,0.412227,1.954240018242376,"{"batch_size": 4; "seq_len": 128}"
L1-092_gqa_attention_with_qk_norm,ce688df8,PASSED,0.913799,0.42161950000000004,2.16735468829122,"{"batch_size": 2; "seq_len": 256}"
L1-092_gqa_attention_with_qk_norm,6c00773e,PASSED,6.467893500000001,2.678598,2.414656286609637,"{"batch_size": 16; "seq_len": 256}"
L1-092_gqa_attention_with_qk_norm,65a1864d,PASSED,5.879808499999999,2.0652645,2.847000226847457,"{"batch_size": 8; "seq_len": 373}"
L1-092_gqa_attention_with_qk_norm,4e17d54d,PASSED,8.4754315,1.8343835,4.620316035332851,"{"batch_size": 1; "seq_len": 2048}"
L1-092_gqa_attention_with_qk_norm,d0ce8c45,PASSED,2.7793669999999997,0.8855275,3.1386569022418835,"{"batch_size": 1; "seq_len": 1024}"
L1-092_gqa_attention_with_qk_norm,45487d16,PASSED,17.1368485,3.4690209999999997,4.939966780252988,"{"batch_size": 2; "seq_len": 2048}"
L1-092_gqa_attention_with_qk_norm,d30e1ce8,PASSED,4.052417,1.4442840000000001,2.8058311246264585,"{"batch_size": 4; "seq_len": 512}"
L1-092_gqa_attention_with_qk_norm,36af929c,PASSED,7.927938,2.807816,2.8235247608817673,"{"batch_size": 8; "seq_len": 512}"
L1-092_gqa_attention_with_qk_norm,047a5b81,PASSED,2.9455285,1.356395,2.171586079276317,"{"batch_size": 16; "seq_len": 128}"
L1-092_gqa_attention_with_qk_norm,07ab2bf3,PASSED,10.829722,3.0349695,3.568313289474573,"{"batch_size": 4; "seq_len": 1024}"
L1-092_gqa_attention_with_qk_norm,ccea3f00,PASSED,0.690006,0.3244985,2.1263765471951332,"{"batch_size": 1; "seq_len": 128}"
L1-092_gqa_attention_with_qk_norm,785dbede,PASSED,12.783035,5.398125,2.368050943614681,"{"batch_size": 32; "seq_len": 256}"
L1-092_gqa_attention_with_qk_norm,610a5d07,PASSED,2.100769,0.778918,2.6970348611792256,"{"batch_size": 2; "seq_len": 512}"
L1-092_gqa_attention_with_qk_norm,1e96cc88,PASSED,2.4027075,1.0789849999999999,2.2268219669411535,"{"batch_size": 4; "seq_len": 293}"
L2-030_flux_concatenated_sequence_processing_with_split,9de8abcb,PASSED,0.4108995,0.305538,1.3448392671288023,"{"batch_size": 2; "text_seq_len": 128; "img_seq_len": 256}"
L2-030_flux_concatenated_sequence_processing_with_split,5c686654,PASSED,0.4057305,0.3099545,1.3090001919636591,"{"batch_size": 1; "text_seq_len": 256; "img_seq_len": 512}"
L2-030_flux_concatenated_sequence_processing_with_split,dda2cd74,PASSED,0.451763,0.33192299999999997,1.3610475923632892,"{"batch_size": 2; "text_seq_len": 131; "img_seq_len": 293}"
L2-030_flux_concatenated_sequence_processing_with_split,2c9cc79c,PASSED,0.2256975,0.145505,1.5511322634960998,"{"batch_size": 1; "text_seq_len": 128; "img_seq_len": 256}"
L2-030_flux_concatenated_sequence_processing_with_split,e92f1fac,PASSED,2.082369,1.2227785,1.702981365799284,"{"batch_size": 1; "text_seq_len": 77; "img_seq_len": 4096}"
L2-030_flux_concatenated_sequence_processing_with_split,978c252a,PASSED,1.297355,0.7081014999999999,1.8321596550776975,"{"batch_size": 1; "text_seq_len": 512; "img_seq_len": 2048}"
L2-030_flux_concatenated_sequence_processing_with_split,a9d58452,PASSED,0.613893,0.34021049999999997,1.8044504799234593,"{"batch_size": 1; "text_seq_len": 77; "img_seq_len": 1024}"
L2-030_flux_concatenated_sequence_processing_with_split,659c4d3b,PASSED,2.785959,1.322251,2.1069819572834505,"{"batch_size": 4; "text_seq_len": 77; "img_seq_len": 1024}"
L2-030_flux_concatenated_sequence_processing_with_split,e6aab32c,PASSED,2.686791,1.5294685000000001,1.7566827953632256,"{"batch_size": 1; "text_seq_len": 1024; "img_seq_len": 4096}"
L2-030_flux_concatenated_sequence_processing_with_split,e0782f0c,PASSED,3.2882195,1.782447,1.8447782739122118,"{"batch_size": 16; "text_seq_len": 128; "img_seq_len": 256}"
L2-030_flux_concatenated_sequence_processing_with_split,71d670d9,PASSED,12.9856455,7.579136,1.7133411380927852,"{"batch_size": 32; "text_seq_len": 256; "img_seq_len": 512}"
L2-030_flux_concatenated_sequence_processing_with_split,bf56c2b5,PASSED,1.939264,0.9019280000000001,2.150131717831135,"{"batch_size": 4; "text_seq_len": 256; "img_seq_len": 512}"
L2-030_flux_concatenated_sequence_processing_with_split,7ae93ff7,PASSED,3.2084915,1.8072629999999998,1.7753318139086565,"{"batch_size": 2; "text_seq_len": 1423; "img_seq_len": 1489}"
L2-030_flux_concatenated_sequence_processing_with_split,d234a6e4,PASSED,1.248891,0.6803105,1.8357661685362785,"{"batch_size": 1; "text_seq_len": 1087; "img_seq_len": 1163}"
L2-030_flux_concatenated_sequence_processing_with_split,62f6139b,PASSED,1.346299,0.7372380000000001,1.826138913078273,"{"batch_size": 4; "text_seq_len": 211; "img_seq_len": 449}"
L2-030_flux_concatenated_sequence_processing_with_split,7a91d659,PASSED,0.8531275,0.499268,1.708756619691228,"{"batch_size": 4; "text_seq_len": 128; "img_seq_len": 256}"
